Timestamp,Price
2026-03-26 11:02:42.155,69461.64056489215
2026-03-26 12:02:56.387,69258.38692240322
2026-03-26 13:02:40.282,69416.11164790414
2026-03-26 14:02:24.361,69530.43000475917
2026-03-26 15:03:49.908,69462.818723659
2026-03-26 16:02:09.547,69052.36668187703
2026-03-26 17:02:25.087,68886.05755073845
2026-03-26 18:02:04.516,68460.0405580777
2026-03-26 19:03:44.798,68432.89019563152
2026-03-26 20:02:33.024,68575.61619653407
2026-03-26 21:03:02.668,68949.5314813283
2026-03-26 22:01:44.418,68888.27500980144
2026-03-26 23:02:57.028,68826.30686850422
2026-03-27 00:01:53.681,68791.11093800364
2026-03-27 01:02:01.307,68712.98514161636
2026-03-27 02:01:58.450,68987.91604743515
2026-03-27 03:02:30.629,68861.18343940613
2026-03-27 04:01:45.099,68732.87385203048
2026-03-27 05:00:10.314,68544.83136866611
2026-03-27 06:02:22.784,68584.57619715178
2026-03-27 07:02:32.479,68614.73543266914
2026-03-27 08:02:21.043,68433.29595166513
2026-03-27 09:02:08.660,67896.72261998236
2026-03-27 10:02:05.619,67666.10383727407
2026-03-27 11:02:32.756,66462.11327811745
2026-03-27 12:01:18.669,66666.3731870575
2026-03-27 13:01:57.509,66589.48462775366
2026-03-27 14:02:37.380,66110.91859349872
2026-03-27 15:01:12.138,66166.55253010265
2026-03-27 16:01:41.235,66084.9735136777
2026-03-27 17:01:51.354,65931.436380254
2026-03-27 18:02:33.036,65604.15370696093
2026-03-27 19:01:56.668,65817.95817627014
2026-03-27 20:01:55.474,66036.20502233546
2026-03-27 21:01:09.262,65978.7624110396
2026-03-27 22:01:38.706,66021.45792444395
2026-03-27 23:00:22.388,65981.97377183192
2026-03-28 00:01:48.123,66327.66737271791
2026-03-28 01:02:05.818,66382.83249898783
2026-03-28 02:01:47.482,66067.46482722324
2026-03-28 03:02:13.976,65995.96577262062
2026-03-28 04:01:13.119,66167.61183329132
2026-03-28 05:01:43.758,66189.65590146254
2026-03-28 06:02:50.598,66307.09909195548
2026-03-28 07:02:41.612,66363.77341122921
2026-03-28 08:02:51.907,66516.27378317354
2026-03-28 09:02:44.620,66350.41976637962
2026-03-28 10:03:03.789,66263.63211704824
2026-03-28 11:02:35.027,66178.92986536778
2026-03-28 12:02:30.566,66303.92808472476
2026-03-28 13:02:39.960,66415.83889333812
2026-03-28 14:02:43.374,66770.2554659786
2026-03-28 15:02:14.949,66707.15373392777
2026-03-28 16:01:41.933,66946.6353317456
2026-03-28 17:02:20.045,66874.77753331588
2026-03-28 18:00:48.596,66803.07998327093
2026-03-28 19:01:39.985,66879.95377021199
2026-03-28 20:00:20.090,66851.141718053
2026-03-28 21:02:06.850,66894.75795554336
2026-03-28 22:02:09.384,66645.1518328983
2026-03-28 23:02:13.564,66694.139781946
2026-03-29 00:00:42.590,66321.06539994745
2026-03-29 01:02:01.074,66412.9505268756
2026-03-29 02:00:18.934,66521.48936569078
2026-03-29 03:03:23.935,66735.3884387065
2026-03-29 04:02:08.014,66860.30574313855
2026-03-29 05:04:11.134,66683.71289085437
2026-03-29 06:02:28.603,66741.21981768549
2026-03-29 07:00:53.805,66688.62043170675
2026-03-29 08:03:47.213,66630.82888015691
2026-03-29 09:02:40.670,66674.97448070651
2026-03-29 10:03:21.069,66581.35073321467
2026-03-29 11:01:12.480,66469.4796184686
2026-03-29 12:03:08.212,66774.32162975357
2026-03-29 13:01:54.842,66794.30316085815
2026-03-29 14:01:23.439,66517.1597689279
2026-03-29 15:03:36.208,66517.29275887285
2026-03-29 16:03:28.904,66466.44058378502
2026-03-29 17:02:35.729,66444.45410400286
2026-03-29 18:03:39.550,66331.62463090713
2026-03-29 19:02:38.133,66375.06666880092
2026-03-29 20:02:16.313,66284.482768732
2026-03-29 21:02:22.563,66546.10792505798
2026-03-29 22:02:34.238,66674.76525877648
2026-03-29 23:02:32.382,65813.3236524164
2026-03-30 00:02:46.299,65970.42899513361
2026-03-30 01:02:47.800,66252.8557606698
2026-03-30 02:00:27.641,66578.9309952134
2026-03-30 03:02:29.868,67070.37991749584
2026-03-30 04:02:52.251,67111.63131687373
2026-03-30 05:01:58.078,67548.59321993159
2026-03-30 06:03:29.452,67461.9195301119
2026-03-30 07:02:16.845,67274.14216754284
2026-03-30 08:02:14.241,67516.1458614326
2026-03-30 09:01:49.311,67616.6140366827
2026-03-30 10:02:15.200,67448.61317843373
2026-03-30 11:03:22.929,67434.17090680324
2026-03-30 12:02:46.388,67590.41657666316
2026-03-30 13:03:11.854,67850.83361908437
2026-03-30 14:02:26.157,67454.49103166346
2026-03-30 15:02:17.858,67732.65929264908
2026-03-30 16:02:19.611,67565.83141885296
2026-03-30 17:02:17.414,67262.04727463868
2026-03-30 18:02:55.845,66753.13370588605
2026-03-30 19:02:59.069,66555.3785781471
2026-03-30 20:02:14.310,66432.346364874
2026-03-30 21:00:00.111,66587.99024414114
2026-03-30 22:01:55.394,66757.19246041842
2026-03-30 23:02:34.488,66734.19561943135
2026-03-31 00:00:51.658,66699.27436893585
2026-03-31 01:02:39.095,67091.7699360093
2026-03-31 02:03:13.465,67930.29873609915
2026-03-31 03:03:08.705,67945.39135718174
2026-03-31 04:02:32.591,67646.52741376395
2026-03-31 05:00:17.262,67488.81448012279
2026-03-31 06:03:34.045,67618.1466100619
2026-03-31 07:03:07.902,67449.74316002423
2026-03-31 08:02:07.622,67299.23356164555
2026-03-31 09:01:50.854,66756.23307911558
2026-03-31 10:02:31.685,66037.9769355128
2026-03-31 11:02:45.003,66302.74182544308
2026-03-31 12:02:48.819,66620.01251485397
2026-03-31 13:02:05.102,66608.17879412256
2026-03-31 14:02:41.238,67163.45267766963
2026-03-31 15:00:15.473,66558.38670829509
2026-03-31 16:02:15.280,66698.35856220762
2026-03-31 17:02:33.066,67542.07857770176
2026-03-31 18:02:10.393,67395.06167693074
2026-03-31 19:02:19.613,67721.57727071697
2026-03-31 20:02:43.718,67762.72263907967
2026-03-31 21:00:00.135,68136.90158842586
2026-03-31 22:02:31.087,68196.60422235407
2026-03-31 23:03:12.739,68146.94856232416
2026-04-01 00:02:47.897,68231.32977209098
2026-04-01 01:03:22.355,68223.70211409187
2026-04-01 02:02:53.680,67741.61626889415
2026-04-01 03:02:11.509,67581.86166020094
2026-04-01 04:00:03.908,68067.62035882538
2026-04-01 05:03:26.624,68224.37632532336
2026-04-01 06:02:08.753,68401.93752431103
2026-04-01 07:03:57.397,69101.02455101817
2026-04-01 08:02:22.800,68646.2153927601
2026-04-01 09:01:09.525,68680.0015059391
2026-04-01 10:01:24.018,68626.63130937202
2026-04-01 11:02:05.301,68508.40129805205
2026-04-01 12:01:58.460,68680.84374401876
2026-04-01 13:01:13.633,68343.56225372679
2026-04-01 14:00:22.681,68151.20863221223
2026-04-01 15:01:56.129,68576.84472219975
2026-04-01 16:01:20.844,68912.84268211982
2026-04-01 17:02:55.213,68799.77917560302
2026-04-01 18:02:59.538,68240.24706711619
2026-04-01 19:03:22.403,68023.58605482857
2026-04-01 20:02:29.796,68154.86398435834
2026-04-01 21:03:04.455,68175.95391085128
2026-04-01 22:02:07.324,68391.24257663927
2026-04-01 23:02:17.247,68114.03006381732
2026-04-02 00:02:26.271,68089.0553821667
2026-04-02 01:02:02.785,68603.81518600573
2026-04-02 02:00:09.661,67340.65566741725
2026-04-02 03:02:44.669,66883.83605935876
2026-04-02 04:00:40.582,66575.77213344672
2026-04-02 05:01:48.290,66321.04797309662
2026-04-02 06:02:32.765,66602.8413160976
2026-04-02 07:02:37.302,66656.94078042037
2026-04-02 08:03:19.034,66909.34933451931
2026-04-02 09:02:57.195,66449.57544171493
2026-04-02 10:00:22.705,66435.38009063744
2026-04-02 11:02:23.066,66446.2507697172
2026-04-02 12:02:35.895,66211.97878883997
2026-04-02 13:00:16.343,66045.87831151168
2026-04-02 14:02:44.014,66188.87154071992
2026-04-02 15:02:49.441,66909.19266878879
2026-04-02 16:03:01.508,66795.72084034089
2026-04-02 17:00:12.952,67115.41516763417
2026-04-02 18:03:01.648,66685.7541320896
2026-04-02 19:02:27.741,66968.16740110016
2026-04-02 20:02:08.551,67007.8370561365
2026-04-02 21:02:50.942,66936.7766889142
2026-04-02 22:02:18.757,66913.35635201377
2026-04-02 23:03:03.578,67019.98617750364
2026-04-03 00:03:43.463,66891.6645686824
2026-04-03 01:02:40.721,66766.83378026339
2026-04-03 02:02:46.385,66598.5292617686
2026-04-03 03:03:56.057,66486.53838422897
2026-04-03 04:02:37.518,66592.5837886582
2026-04-03 05:02:30.446,66622.1301266791
2026-04-03 06:01:53.375,66565.35592404183
2026-04-03 07:00:24.794,66774.72967202778
2026-04-03 08:02:58.355,67029.59211299967
2026-04-03 09:02:21.023,66960.01542488545
2026-04-03 10:03:00.909,66849.26901001042
2026-04-03 11:03:07.733,66880.5203155653
2026-04-03 12:02:37.596,66995.15627559036
2026-04-03 13:02:37.169,66748.11979266288
2026-04-03 14:03:35.499,66660.11042612021
2026-04-03 15:03:25.607,66955.22348841895
2026-04-03 16:03:39.663,66852.90061614981
2026-04-03 17:00:19.091,66999.82831564221
2026-04-03 18:02:55.448,66854.37823021295
2026-04-03 19:01:45.998,66806.59346136711
2026-04-03 20:02:20.440,66857.44858264831
2026-04-03 21:04:07.691,66834.11292973414
2026-04-03 22:03:08.857,66933.25990570891
2026-04-03 23:04:06.906,66894.47014206758
2026-04-04 00:04:33.631,66939.69121715311
2026-04-04 01:04:29.447,66879.65637400307
2026-04-04 02:11:11.758,66872.1583176364
2026-04-04 03:34:37.631,66842.73653470511
2026-04-04 04:44:45.787,66849.63302499072
2026-04-04 05:40:42.716,66898.68182804435
2026-04-04 06:23:53.198,66949.93585862593
2026-04-04 07:42:11.719,66959.8290597061
2026-04-04 08:45:27.385,66956.39329306711
2026-04-04 09:59:15.996,66969.68382838744
2026-04-04 10:53:17.639,67055.68033246692
2026-04-04 11:02:18.109,67148.53813215913
2026-04-04 12:03:27.115,67118.41754617015
2026-04-04 13:03:00.893,67091.65190730197
2026-04-04 14:01:56.392,67202.57710061049
2026-04-04 15:02:35.788,67161.09858028076
2026-04-04 16:02:23.498,67358.32039965459
2026-04-04 17:02:25.712,67433.23263448066
2026-04-04 18:02:59.860,67337.99609944993
2026-04-04 19:02:37.329,67286.25215676849
2026-04-04 20:02:24.173,67280.01729605702
2026-04-04 21:03:06.654,67253.3977870876
2026-04-04 22:00:27.623,67354.82243829477
2026-04-04 23:02:32.041,67387.66168189244
2026-04-05 00:02:09.113,67305.53270568071
2026-04-05 01:01:47.635,67194.73102381348
2026-04-05 02:01:43.286,67097.64999707985
2026-04-05 03:02:17.943,67159.48840990113
2026-04-05 04:02:06.836,67116.68074067455
2026-04-05 05:02:50.222,67088.16878284267
2026-04-05 06:01:04.455,66898.91046104902
2026-04-05 07:03:09.468,66834.55616852113
2026-04-05 08:03:19.058,66795.06711340805
2026-04-05 09:03:09.361,66909.58641953235
2026-04-05 10:03:24.024,67013.36757024149
2026-04-05 11:03:01.599,67035.71402873952
2026-04-05 12:04:08.122,66983.49768825137
2026-04-05 13:04:13.417,66767.0131421243
2026-04-05 14:02:59.659,66876.89335408386
2026-04-05 15:03:18.934,66905.41123953745
2026-04-05 16:01:16.102,67283.50017521076
2026-04-05 17:03:30.347,67187.35275626543
2026-04-05 18:03:49.690,67332.04972364994
2026-04-05 19:03:33.994,67359.54022197741
2026-04-05 20:03:34.804,67312.40029436244
2026-04-05 21:03:35.526,67618.85865651761
2026-04-05 22:02:32.830,67524.98600017147
2026-04-05 23:02:48.902,68319.43753253935
2026-04-06 00:02:53.324,68985.52642694542
2026-04-06 01:03:42.802,69083.92977430127
2026-04-06 02:02:16.333,68800.40695728877
2026-04-06 03:00:05.481,69227.82786574122
2026-04-06 04:02:55.341,69064.09289025438
2026-04-06 05:02:10.025,69116.69442689166
2026-04-06 06:02:19.289,69171.24699553306
2026-04-06 07:01:59.290,68966.1397153888
2026-04-06 08:03:08.697,69085.18372122863
2026-04-06 09:03:06.761,69233.4136963385
2026-04-06 10:03:31.989,69734.14395438247
2026-04-06 11:03:48.063,69729.51473053802
2026-04-06 12:03:35.807,69600.5179200479
2026-04-06 13:03:50.026,69352.92735076058
2026-04-06 14:03:05.376,69373.69205341725
2026-04-06 15:03:26.613,69667.13541738002
2026-04-06 16:03:35.125,69929.83872890126
2026-04-06 17:03:24.648,69841.20001007705
2026-04-06 18:03:02.351,69564.81342982552
2026-04-06 19:03:24.188,69878.68104808578
2026-04-06 20:02:51.884,69717.8937360636
2026-04-06 21:03:40.598,69831.8001596643
2026-04-06 22:03:34.966,69517.64005572062
2026-04-06 23:03:35.544,68899.60245420209
2026-04-07 00:03:45.370,68864.23452757328
2026-04-07 01:02:51.745,68832.75094748284
2026-04-07 02:03:25.453,68427.09873546906
2026-04-07 03:02:23.092,68663.74447668072
2026-04-07 04:02:16.596,68751.88746717676
2026-04-07 05:00:42.721,68851.31995374622
2026-04-07 06:03:24.027,68619.33116054142
2026-04-07 07:02:40.154,68567.66396182259
2026-04-07 08:01:46.322,68623.99620612123
2026-04-07 09:03:50.577,68946.09680366235
2026-04-07 10:00:17.122,69141.14072015522
2026-04-07 11:03:19.899,68229.74780513061
2026-04-07 12:02:55.781,68354.49021829801
2026-04-07 13:04:11.812,68410.07652754907
2026-04-07 14:03:08.225,68261.13224800787
2026-04-07 15:04:17.224,67946.5734483157
2026-04-07 16:02:17.848,68143.49762077775
2026-04-07 17:02:55.716,68212.47656909314
2026-04-07 18:03:04.472,68696.07855831205
2026-04-07 19:03:44.081,68422.4839048095
2026-04-07 20:03:15.395,68980.0719686061
2026-04-07 21:03:22.898,69283.45294227805
2026-04-07 22:03:31.154,69902.9648185693
2026-04-07 23:02:59.712,71406.79268018887
2026-04-08 00:03:50.556,71975.62171045873
2026-04-08 01:03:45.012,71675.99566085906
2026-04-08 02:00:09.521,71455.72565809466
2026-04-08 03:04:04.438,71319.15990521638
2026-04-08 04:03:48.639,71288.57608171008
2026-04-08 05:02:47.743,71588.90550886675
2026-04-08 06:02:28.154,71715.30467887901
2026-04-08 07:00:03.040,71716.33126607565
2026-04-08 08:02:34.290,71607.85137669035
2026-04-08 09:02:13.970,71769.45685444491
2026-04-08 10:02:27.711,71684.51069741158
2026-04-08 11:02:13.760,71500.27882941788
2026-04-08 12:01:57.405,71677.1185370044
2026-04-08 13:02:49.223,72088.64825915922
2026-04-08 14:01:57.317,71595.26553578468
2026-04-08 15:02:39.718,70839.24039381472
2026-04-08 16:02:36.888,71300.97902964945
2026-04-08 17:01:30.132,71616.877152209
2026-04-08 18:01:53.797,71892.24518699429
2026-04-08 19:00:01.041,71229.56326243738
2026-04-08 20:02:14.672,71305.21033797062
2026-04-08 21:01:57.308,71362.71539046324
2026-04-08 22:02:25.785,71530.37434625559
2026-04-08 23:02:29.721,71084.7379943279
2026-04-09 00:01:09.135,71117.07713411814
2026-04-09 01:02:02.757,70845.22545982263
2026-04-09 02:00:11.524,70922.75282918435
2026-04-09 03:03:36.204,71068.58019162083
2026-04-09 04:03:37.187,70981.6288101902
2026-04-09 05:05:46.146,70799.60700836459
2026-04-09 06:04:44.503,70965.48437451581
2026-04-09 07:04:03.017,71016.5630113181
2026-04-09 08:02:31.962,70978.52324259015
2026-04-09 09:02:34.684,71246.89042396861
2026-04-09 10:02:35.398,71507.87481912013
2026-04-09 11:02:14.096,71300.96039707496
2026-04-09 12:02:58.012,71155.21114397157
2026-04-09 13:01:26.518,71276.76446761427
2026-04-09 14:02:24.419,70785.05000466589
2026-04-09 15:03:51.509,71127.957103332
2026-04-09 16:03:14.219,72118.44858894373
2026-04-09 17:02:21.680,72037.6426727806
2026-04-09 18:03:32.858,72336.54140048083
2026-04-09 19:02:51.614,71893.610912954
2026-04-09 20:03:08.545,72070.08677387866
2026-04-09 21:02:25.117,72383.7859971068
2026-04-09 22:03:00.179,72266.84687965605
2026-04-09 23:02:34.238,72038.73499515245
2026-04-10 00:02:03.672,71770.7468500515
2026-04-10 01:02:41.718,71901.79175365834
2026-04-10 02:02:47.426,72173.42838519269
2026-04-10 03:03:08.690,71953.23424014167
2026-04-10 04:02:39.654,71865.73686761591
2026-04-10 05:00:19.643,72079.56841539979
2026-04-10 06:04:05.920,72112.96420024637
2026-04-10 07:03:03.840,71817.12552073848
2026-04-10 08:03:42.516,71470.27731650925
2026-04-10 09:03:13.155,71593.7324591
2026-04-10 10:02:28.474,71796.50490633331
2026-04-10 11:02:35.459,71920.85028120317
2026-04-10 12:02:31.619,72119.88962425478
2026-04-10 13:02:30.911,72262.57545693751
2026-04-10 14:03:01.391,72352.99495246565
2026-04-10 15:00:46.168,72910.286509564
2026-04-10 16:01:45.480,72416.71456276764
2026-04-10 17:02:24.502,73047.87605887717
2026-04-10 18:02:02.792,73108.13417606706
2026-04-10 19:03:06.524,73113.35661801924
2026-04-10 20:01:03.438,73242.51336592567
2026-04-10 21:27:17.046,73154.25045773029
2026-04-10 22:34:39.943,73030.13569896588
2026-04-10 23:42:09.854,72926.07869726027
2026-04-11 00:55:37.498,72843.71988601146
2026-04-11 01:36:08.415,72933.62950394394
2026-04-11 02:53:43.175,72979.02160669946
2026-04-11 03:59:49.826,72886.12041481228
2026-04-11 04:59:57.343,72827.93298111406
2026-04-11 05:06:36.143,72843.21745118427
2026-04-11 05:41:54.310,72842.7231933809
2026-04-11 06:54:58.331,72775.97739192744
2026-04-11 07:17:23.016,72766.14590799584
2026-04-11 08:36:34.354,72772.64644979121
2026-04-11 09:39:33.839,72853.90041790249
2026-04-11 10:47:55.793,72817.08792837358
2026-04-11 11:59:58.622,72916.14120350627
2026-04-11 12:02:04.899,72916.14120350627
2026-04-11 13:12:40.800,72804.2299612631
2026-04-11 14:33:28.343,72748.47373621527
2026-04-11 15:46:53.522,72789.74511933756
2026-04-11 16:23:53.572,72911.0624318832
2026-04-11 17:37:36.762,73152.70207419568
2026-04-11 18:59:54.234,73538.48935210315
2026-04-11 19:02:29.710,73538.48935210315
2026-04-11 20:34:54.476,73448.58870379567
2026-04-11 21:14:45.604,73398.20533676402
2026-04-11 22:34:36.696,73486.94155013928
2026-04-11 23:54:57.958,73053.88808483821
2026-04-12 00:06:25.717,72979.83971431734
2026-04-12 01:28:06.993,73085.90563102519
2026-04-12 01:45:50.692,71795.81856513888
2026-04-12 01:51:03.870,71564.79218802848
2026-04-12 01:52:02.944,71564.79218802848
2026-04-12 01:52:38.037,71564.79218802848
2026-04-12 01:53:32.378,71564.79218802848
2026-04-12 02:00:34.597,71658.39262133169
2026-04-12 03:00:58.603,71817.96361452986
2026-04-12 04:00:05.407,71661.6951211
2026-04-12 05:00:55.737,71484.30672806092
2026-04-12 06:01:15.808,71741.79142212505
2026-04-12 07:00:53.631,71662.19399624226
2026-04-12 08:00:50.905,71746.64597859567
2026-04-12 09:00:57.748,71630.03448995003
2026-04-12 10:00:47.701,71552.63541930693
2026-04-12 11:01:01.927,71456.10546729324
2026-04-12 12:00:49.284,71491.13137229905
2026-04-12 13:00:48.361,71149.9056162426
2026-04-12 14:01:08.216,70911.47145158266
2026-04-12 15:01:00.779,70779.92731840577
2026-04-12 16:00:46.417,70904.84604333997
2026-04-12 17:01:03.121,70903.77263535118
2026-04-12 18:01:08.613,71150.64375760725
2026-04-12 19:00:58.552,71163.53405223005
2026-04-12 20:00:58.746,71106.4322764737
2026-04-12 21:01:03.562,71345.73089938107
2026-04-12 22:00:55.698,71281.69736597982
2026-04-12 23:01:00.851,70904.50714836456
2026-04-13 00:00:56.435,70756.75105500016
2026-04-13 01:00:40.068,71165.70954152242
2026-04-13 02:00:55.063,71200.90367970068
2026-04-13 03:01:07.173,71068.79552154658
2026-04-13 04:01:16.259,70995.17192216238
2026-04-13 05:00:09.653,70922.26986983724
2026-04-13 06:00:11.550,70855.49027047162
2026-04-13 07:00:57.708,71046.10954568665
2026-04-13 08:00:53.597,70821.26242203725
2026-04-13 09:00:24.220,70678.34587741118
2026-04-13 10:01:10.876,70791.57671954377
2026-04-13 11:00:14.486,70757.81212381866
2026-04-13 12:00:25.707,70942.34306274488
2026-04-13 13:00:44.324,71116.96710790826
2026-04-13 14:00:29.507,71583.55893696092
2026-04-13 15:00:49.777,72339.61715675824
2026-04-13 16:01:16.947,71862.77335070871
2026-04-13 17:00:59.683,72188.72160865474
2026-04-13 18:01:04.832,72162.8397916949
2026-04-13 19:00:13.463,72460.07864955084
2026-04-13 20:00:48.451,73381.47419986023
2026-04-13 21:00:02.371,73203.04293101993
2026-04-13 22:00:41.811,73221.60423747003
2026-04-13 23:00:30.960,74666.14313470945
2026-04-14 00:00:36.476,74514.63006655
2026-04-14 01:01:01.194,74158.89130980147
2026-04-14 02:01:18.995,74388.23287589433
2026-04-14 03:00:54.949,74372.4013312016
2026-04-14 04:00:33.217,74459.50532558873
2026-04-14 05:00:40.071,74395.7884544637
2026-04-14 06:00:47.288,74208.53947859819
2026-04-14 07:00:42.551,74561.14077822378
2026-04-14 08:00:14.229,74545.48481720747
2026-04-14 09:00:43.142,74759.88315001455
2026-04-14 10:00:04.987,74529.6774912288
2026-04-14 11:01:02.420,74420.40463273888
2026-04-14 12:00:54.505,74419.89892258226
2026-04-14 13:00:39.274,74447.52478221676
2026-04-14 14:01:02.360,75482.48487597577
2026-04-14 15:01:02.196,75181.38556603497
2026-04-14 16:00:40.512,75395.3924398678
2026-04-14 17:00:32.946,74651.92842887786
2026-04-14 18:00:36.514,74773.49780939563
2026-04-14 19:00:58.829,74100.7452778941
2026-04-14 20:00:44.921,74263.1900745163
2026-04-14 21:00:26.238,74072.48913347033
2026-04-14 22:00:02.507,74290.23171793141
2026-04-14 23:00:36.708,74103.7716473976
2026-04-15 00:00:45.610,74181.10807228928
2026-04-15 01:00:51.697,74573.40267174094
2026-04-15 02:00:50.163,74654.99786830232
2026-04-15 03:00:16.199,74341.62437331716
2026-04-15 04:00:39.605,74365.80262765262
2026-04-15 05:00:43.876,74330.25655492964
2026-04-15 06:00:52.273,74046.70291058748
2026-04-15 07:01:02.445,73907.20613060378
2026-04-15 08:00:41.258,73761.19237686085
2026-04-15 09:00:18.611,74145.59574331983
2026-04-15 10:00:39.389,74016.72781267343
2026-04-15 11:00:19.930,74032.58109612072
2026-04-15 12:00:27.178,74204.63222618688
2026-04-15 13:00:20.779,74373.37724976474
2026-04-15 14:01:13.209,74069.7053336587
2026-04-15 15:00:11.429,74154.90157819202
2026-04-15 16:00:32.458,73820.14400449459
2026-04-15 17:00:33.830,73920.4427234278
2026-04-15 18:00:25.018,74112.8124801126
2026-04-15 19:00:53.822,74381.43657451161
2026-04-15 20:00:14.687,75065.22777479656
2026-04-15 21:00:12.180,74848.27826856509
2026-04-15 22:00:47.457,74755.67507475952
2026-04-15 23:00:34.385,74994.07056275372
2026-04-16 00:00:26.416,74810.96914134864
2026-04-16 01:00:40.862,74809.92614171893
2026-04-16 02:01:22.803,74624.49892113969
2026-04-16 03:00:11.395,74960.58296925222
2026-04-16 04:00:37.789,74899.68222426217
2026-04-16 05:00:40.828,74954.96884562605
2026-04-16 06:01:38.276,75046.35475775148
2026-04-16 07:00:59.044,74995.01740779368
2026-04-16 08:01:14.327,74705.72124858621
2026-04-16 09:00:50.379,74680.89837503555
2026-04-16 10:00:46.723,74622.01589094764
2026-04-16 11:00:10.003,74332.7583953483
2026-04-16 12:00:43.617,74556.17981114863
2026-04-16 13:00:56.375,74632.85353044435
2026-04-16 14:00:31.437,73705.01360985098
2026-04-16 15:00:28.941,73938.04397589041
2026-04-16 16:00:18.900,74740.25080601992
2026-04-16 17:00:48.233,74214.42990809566
2026-04-16 18:00:26.081,74273.00358424732
2026-04-16 19:00:40.853,75017.42674367223
2026-04-16 20:00:23.094,75389.68135904678
2026-04-16 21:00:42.253,75240.31590673576
2026-04-16 22:00:27.315,74944.91566812144
2026-04-16 23:00:58.176,74883.21300083205
2026-04-17 00:00:30.955,75149.1930221427
2026-04-17 01:00:53.697,74977.75409490333
2026-04-17 02:00:22.764,74787.851905865
2026-04-17 03:00:07.573,74695.48255658832
2026-04-17 04:00:32.051,74649.52985426539
2026-04-17 05:01:00.216,74792.21540789708
2026-04-17 06:00:53.685,74666.08972542649
2026-04-17 07:00:48.343,74913.00922361523
2026-04-17 08:00:17.378,75044.90134871528
2026-04-17 09:01:11.858,75739.35058143485
2026-04-17 10:00:35.344,75797.67899200699
2026-04-17 11:00:13.677,75297.00919396247
2026-04-17 12:00:27.085,75589.10032806055
2026-04-17 13:00:04.590,76213.45555656118
2026-04-17 14:01:20.758,77361.36237765808
2026-04-17 15:00:58.285,77956.91427499668
2026-04-17 16:01:09.527,77828.185699857
2026-04-17 17:01:15.036,77862.89905005145
2026-04-17 18:00:31.603,77498.81630549654
2026-04-17 19:00:52.485,77164.03670386429
2026-04-17 20:00:54.342,77436.59527540709
2026-04-17 21:00:40.617,77362.87288021417
2026-04-17 22:01:02.842,77496.71066229149
2026-04-17 23:01:09.578,77308.43885337995
2026-04-18 00:00:15.387,77128.44334858148
2026-04-18 01:00:28.704,77169.64712633878
2026-04-18 02:00:12.377,77201.78314338902
2026-04-18 03:00:53.738,77315.4096324451
2026-04-18 04:00:38.295,77013.53238285403
2026-04-18 05:00:51.751,77158.48113774008
2026-04-18 06:00:24.127,77152.68049883858
2026-04-18 07:00:36.584,77131.3006381946
2026-04-18 08:00:25.517,76998.06796704927
2026-04-18 09:00:39.772,76755.0998125113
2026-04-18 10:00:08.049,76617.80623429554
2026-04-18 11:00:45.450,76188.45755869409
2026-04-18 12:00:57.316,76072.68979550186
2026-04-18 13:01:03.736,76224.9598173141
2026-04-18 14:00:25.301,76137.19860160364
2026-04-18 15:00:26.751,76251.58670751007
2026-04-18 16:00:12.360,76181.98651177097
2026-04-18 17:00:47.226,75927.57132288165
2026-04-18 18:00:53.230,75864.95221180288
2026-04-18 19:00:09.275,75653.54136303878
2026-04-18 20:00:56.722,75670.66377392902
2026-04-18 21:00:30.982,75757.95160113281
2026-04-18 22:00:20.269,75828.32687513834
2026-04-18 23:00:47.003,75830.19171188552
2026-04-19 00:00:19.243,75728.45681761758
2026-04-19 01:00:55.762,75652.21984514158
2026-04-19 02:00:38.652,75642.12663561944
2026-04-19 03:01:17.341,75558.77945979389
2026-04-19 04:01:14.063,75540.50887836353
2026-04-19 05:00:35.911,75681.49533537882
2026-04-19 06:00:35.261,75569.83917977821
2026-04-19 07:01:07.182,75407.80704076507
2026-04-19 08:00:33.524,75295.98459973742
2026-04-19 09:00:04.218,75244.24719211207
2026-04-19 10:00:59.248,75020.97270538584
2026-04-19 11:00:55.940,75236.36654292562
2026-04-19 12:00:37.294,75599.26577131222
2026-04-19 13:00:41.851,75624.6529610848
2026-04-19 14:00:28.888,75920.89178630568
2026-04-19 15:00:03.231,76024.76202757412
2026-04-19 16:00:20.279,75840.65451654213
2026-04-19 17:00:18.075,75495.36817299578
2026-04-19 18:00:36.729,74800.94102146984
2026-04-19 19:00:55.283,74795.1465182244
2026-04-19 20:00:43.659,74974.34476516958
2026-04-19 21:00:46.413,74689.24400809643
2026-04-19 22:00:18.388,74460.14184607656
2026-04-19 23:01:19.302,74137.21873636951
2026-04-20 00:00:48.126,73856.05501487634
2026-04-20 01:00:50.777,74346.05375810764
2026-04-20 02:00:44.180,74623.05265769569
2026-04-20 03:00:04.643,74458.21813860718
2026-04-20 04:00:22.245,74653.54610763465
2026-04-20 05:00:38.550,74581.28237935815
2026-04-20 06:00:52.141,74277.51462154883
2026-04-20 07:00:32.318,74789.56984853405
2026-04-20 08:00:52.000,74795.97600729625
2026-04-20 09:00:13.386,74741.97729093608
2026-04-20 10:00:46.167,75062.12403807922
2026-04-20 11:00:47.491,75045.02524645194
2026-04-20 12:00:30.682,75179.56431310959
2026-04-20 13:00:46.403,75285.69738107114
2026-04-20 14:00:21.627,75290.96918392694
2026-04-20 15:01:04.999,75004.42275652137
2026-04-20 16:00:11.000,75687.721421251
2026-04-20 17:00:31.977,75340.28666497084
2026-04-20 18:00:26.267,75921.15197965335
2026-04-20 19:00:59.005,76437.62877231697
2026-04-20 20:00:40.654,76314.88533036472
2026-04-20 21:01:22.441,76302.84677235561
2026-04-20 22:00:42.504,75970.00268011336
2026-04-20 23:00:09.650,75992.70086029985
2026-04-21 00:00:34.491,75874.54629352967
2026-04-21 01:00:42.456,76085.88237404238
2026-04-21 02:00:56.297,75921.29817954023
2026-04-21 03:00:55.464,75628.03723799669
2026-04-21 04:00:58.013,75728.13586903199
2026-04-21 05:00:32.588,75814.67217221636
2026-04-21 06:01:12.730,75832.33172653822
2026-04-21 07:00:41.651,76008.88286643253
2026-04-21 08:00:35.784,76125.0717533993
2026-04-21 09:00:08.063,76542.40965523037
2026-04-21 10:00:49.642,76367.38771266557
2026-04-21 11:00:25.300,76784.39417696862
2026-04-21 12:00:13.537,76479.91862901945
2026-04-21 13:01:00.137,75992.30702339568
2026-04-21 14:00:36.415,75911.10361927166
2026-04-21 15:00:16.380,75762.711638902
2026-04-21 16:00:26.659,75803.94428247478
2026-04-21 17:00:47.102,75861.34549918868
2026-04-21 18:01:17.084,75556.47668629252
2026-04-21 19:00:40.192,75598.61267682334
2026-04-21 20:00:52.473,74995.37782854948
2026-04-21 21:00:41.688,75763.05667180788
2026-04-21 22:00:32.686,75574.10377442642
2026-04-21 23:00:27.372,75629.08968346077
2026-04-22 00:00:37.205,76350.25202878818
2026-04-22 01:00:23.839,76308.7293299303
2026-04-22 02:00:55.707,76322.61641898053
2026-04-22 03:00:54.527,77536.75470746626
2026-04-22 04:00:40.948,77587.83202645402
2026-04-22 05:00:47.209,77478.20552898936
2026-04-22 06:00:57.207,78016.40224612548
2026-04-22 07:00:10.741,77988.76554637455
2026-04-22 08:00:51.547,78067.63707556471
2026-04-22 09:00:57.778,78058.08975780573
2026-04-22 10:00:56.646,78024.52473191661
2026-04-22 11:00:46.807,78144.37988534916
2026-04-22 12:00:56.988,78287.86829838748
2026-04-22 13:00:00.597,78273.8966848666
2026-04-22 14:00:03.201,78815.99780735128
2026-04-22 15:00:16.489,79080.63292286295
2026-04-22 16:01:04.024,79321.15968354288
2026-04-22 17:00:25.757,78751.70323522005
2026-04-22 18:00:50.652,78923.92967916405
2026-04-22 19:00:35.409,79026.34137679906
2026-04-22 20:00:52.843,78946.3912548935
2026-04-22 21:00:52.677,78453.79426420951
2026-04-22 22:00:05.923,78791.52632630398
2026-04-22 23:00:43.763,78602.89731358779
2026-04-23 00:00:40.823,78194.78334884858
2026-04-23 01:00:48.116,78406.2930435807
2026-04-23 02:00:18.441,78357.18396749758
2026-04-23 03:00:47.770,77985.92377137982
2026-04-23 04:00:47.486,77745.85432228484
2026-04-23 05:00:22.561,77935.74125864716
2026-04-23 06:00:37.500,78027.34427996507
2026-04-23 07:00:17.638,78224.5180282668
2026-04-23 08:00:39.673,78031.99538001728
2026-04-23 09:00:24.199,77897.87177343022
2026-04-23 10:00:53.511,77638.50183036197
2026-04-23 11:00:13.367,77421.70696946804
2026-04-23 12:01:00.400,77720.82903527566
2026-04-23 13:00:00.958,77689.20240973093
2026-04-23 14:00:03.966,77534.60343866517
2026-04-23 15:01:01.571,78194.45325685579
2026-04-23 16:00:35.533,78400.43360010415
2026-04-23 17:01:12.798,78107.69300312691
2026-04-23 18:00:35.961,77774.75239415659
2026-04-23 19:00:41.386,77788.60996280434
2026-04-23 20:01:11.601,77758.18784079723
2026-04-23 21:01:11.533,77892.40295122238
2026-04-23 22:00:52.886,77960.96780301731
2026-04-23 23:00:43.134,78241.97434139495
2026-04-24 00:00:55.292,78260.61998045091
2026-04-24 01:00:29.654,78385.9994566751
2026-04-24 02:00:08.427,78450.36540019314
2026-04-24 03:00:47.663,78147.75938482724
2026-04-24 04:00:51.454,77747.45626454431
2026-04-24 05:00:41.879,77705.47025945061
2026-04-24 06:00:30.510,77986.53527373911
2026-04-24 07:00:51.674,77820.67157019368
2026-04-24 08:00:52.384,77631.4765633673
2026-04-24 09:00:50.209,77849.7374088029
2026-04-24 10:00:08.376,77541.44001609184
2026-04-24 11:00:57.707,77769.18978227278
2026-04-24 12:00:48.030,78246.79964995776
2026-04-24 13:01:00.411,78191.33520155153
2026-04-24 14:00:44.185,78079.14695903476
2026-04-24 15:00:36.375,78040.02364193133
2026-04-24 16:00:44.329,78047.3380693329
2026-04-24 17:00:31.162,77754.58226000571
2026-04-24 18:00:46.647,77684.72881988292
2026-04-24 19:00:05.954,77597.78722462713
2026-04-24 20:00:22.681,77640.62590796669
2026-04-24 21:00:28.860,77743.96821879945
2026-04-24 22:01:16.897,77598.4707273492
2026-04-24 23:00:51.647,77360.7247577714
2026-04-25 00:00:32.951,77444.79563692068
2026-04-25 01:00:40.202,77462.08912922682
2026-04-25 02:00:55.350,77566.91332664572
2026-04-25 03:01:10.721,77632.1049866153
2026-04-25 04:01:11.228,77659.99727324375
2026-04-25 05:00:26.002,77641.01117283583
2026-04-25 06:00:04.040,77526.33855221451
2026-04-25 07:01:01.155,77546.29139125944
2026-04-25 08:00:27.315,77552.43014091096
2026-04-25 09:00:57.268,77633.44423479457
2026-04-25 10:00:56.854,77756.29359070981
2026-04-25 11:00:49.067,77798.77053029239
2026-04-25 12:00:49.060,77681.05139222337
2026-04-25 13:00:35.344,77572.56576897178
2026-04-25 14:00:59.933,77704.47912526024
2026-04-25 15:01:05.720,77666.8630936243
2026-04-25 16:00:36.546,77369.37427037527
2026-04-25 17:00:12.416,77411.63283414992
2026-04-25 18:00:28.307,77268.59468461889
2026-04-25 19:00:47.539,77327.62457986774
2026-04-25 20:00:31.506,77334.26544839946
2026-04-25 21:00:12.443,77485.94368156035
2026-04-25 22:00:33.526,77517.55017621993
2026-04-25 23:00:26.584,77571.92469081761
2026-04-26 00:00:43.793,77619.14219872655
2026-04-26 01:00:25.674,77504.17855812809
2026-04-26 02:00:03.806,77474.23663746598
2026-04-26 03:00:45.470,77508.39871110146
2026-04-26 04:00:12.276,77421.9680597692
2026-04-26 05:00:41.556,77780.732585964
2026-04-26 06:00:39.567,78011.43215971511
2026-04-26 07:00:01.656,77968.04637604058
2026-04-26 08:00:48.885,78104.00311325732
2026-04-26 09:00:25.361,78046.40161728268
2026-04-26 10:00:48.136,78007.27442207371
2026-04-26 11:00:42.207,78005.02861473465
2026-04-26 12:00:14.977,78110.88161863454
2026-04-26 13:00:39.504,77838.15248676843
2026-04-26 14:00:52.097,77940.84317164119
2026-04-26 15:00:57.502,78104.22069639667
2026-04-26 16:00:43.334,78050.75607592058
2026-04-26 17:00:56.563,77985.65557780031
2026-04-26 18:00:28.642,78034.51980737594
2026-04-26 19:00:43.789,78274.34065021528
2026-04-26 20:00:25.299,78240.93686631313
2026-04-26 21:00:56.720,78229.8417681944
2026-04-26 22:00:03.843,78407.16125498862
2026-04-26 23:00:20.641,78378.05061328351
2026-04-27 00:00:27.238,78645.12560170851
2026-04-27 01:00:49.775,79260.26248669959
2026-04-27 02:00:24.503,79217.03669448356
2026-04-27 03:00:12.333,79161.16903469128
2026-04-27 04:01:00.515,79096.32338375495
2026-04-27 05:00:08.318,78918.2674998158
2026-04-27 06:00:33.628,77819.8190965596
2026-04-27 07:00:11.988,77728.11296302704
2026-04-27 08:00:35.326,77653.42820403715
2026-04-27 09:00:23.824,77801.48133620767
2026-04-27 10:00:09.832,77918.22130374532
2026-04-27 11:00:48.733,77858.06178429707
2026-04-27 12:00:58.779,77839.13057125034
2026-04-27 13:00:32.811,77636.7357570139
2026-04-27 14:00:20.954,77767.52764704514
2026-04-27 15:01:05.894,77816.0572264602
2026-04-27 16:00:13.302,76772.56122738226
2026-04-27 17:00:12.461,76597.37629170864
2026-04-27 18:00:51.604,76701.61237959677
2026-04-27 19:00:56.805,76840.12034837836
2026-04-27 20:00:31.438,76829.48158520267
2026-04-27 21:00:48.838,76986.58306724002
2026-04-27 22:00:46.196,76798.22801186582
2026-04-27 23:00:43.889,77068.29246494433
2026-04-28 00:00:41.441,77361.29911038803
2026-04-28 01:00:46.510,77383.54057877463
2026-04-28 02:00:04.023,77090.31107128707
2026-04-28 03:00:56.701,76833.05668971647
2026-04-28 04:00:24.854,76804.77382356762
2026-04-28 05:00:48.493,76884.15413049556
2026-04-28 06:00:41.954,76948.09017415001
2026-04-28 07:00:28.376,76711.2208351938
2026-04-28 08:00:39.870,76871.94798938799
2026-04-28 09:00:57.917,76823.96703050246
2026-04-28 10:00:32.750,76582.2382436488
2026-04-28 11:01:17.572,76587.46607990249
2026-04-28 12:00:41.615,76182.61040738711
2026-04-28 13:00:51.576,76342.5588428331
2026-04-28 14:00:39.320,76180.39793452619
2026-04-28 15:01:03.316,75849.31178726906
2026-04-28 16:00:56.195,76040.86480284185
2026-04-28 17:00:34.217,76108.79943793108
2026-04-28 18:00:53.791,76174.499991253
2026-04-28 19:01:16.832,76223.05617004436
2026-04-28 20:01:16.570,76340.1341246333
2026-04-28 21:01:16.527,76445.86122627115
2026-04-28 22:01:17.983,76353.70892706158
2026-04-28 23:01:15.820,76229.4038502392
2026-04-29 00:01:19.320,76345.22521002527
2026-04-29 01:01:17.903,76505.05470800745
2026-04-29 02:00:56.205,76537.83594119303
2026-04-29 03:01:07.974,76478.80195313173
2026-04-29 04:00:22.141,76961.46963288501
2026-04-29 05:00:02.625,77289.79308700348
2026-04-29 06:00:38.633,77258.63042398472
2026-04-29 07:00:31.012,76964.99741594712
2026-04-29 08:00:11.567,77023.71023600476
2026-04-29 09:00:59.060,77028.46347185198
2026-04-29 10:01:13.258,77629.86690905425
2026-04-29 11:01:09.390,77596.56363815261
2026-04-29 12:00:54.224,77579.59487006326
2026-04-29 13:00:38.082,77127.99638212805
2026-04-29 14:01:02.001,76776.12526378022
2026-04-29 15:00:43.812,76558.49021649477
2026-04-29 16:01:01.713,75858.12862387307
2026-04-29 17:00:54.287,75763.67004036404
2026-04-29 18:00:28.569,75996.93512732009
2026-04-29 19:00:55.543,75436.56581067356
2026-04-29 20:00:47.135,75468.90041834336
2026-04-29 21:00:09.185,75701.80458172278
2026-04-29 22:00:34.074,75924.91798195371
2026-04-29 23:00:40.535,75907.29950981027
2026-04-30 00:00:46.340,75774.8855230121
2026-04-30 01:00:21.235,76255.01364165342
2026-04-30 02:00:24.298,76220.83380666314
2026-04-30 03:00:17.943,75691.65564515392
2026-04-30 04:00:41.929,75909.7088552133
2026-04-30 05:00:38.275,75459.6526551717
2026-04-30 06:00:38.043,75580.06196734082
2026-04-30 07:00:51.783,75713.26283708648
2026-04-30 08:00:59.565,76085.14106760567
2026-04-30 09:00:34.276,76026.7764354485
2026-04-30 10:00:43.024,76090.4726987875
2026-04-30 11:00:48.342,75986.04492329038
2026-04-30 12:00:21.241,76005.83880555014
2026-04-30 13:01:04.561,76280.05036510443
2026-04-30 14:00:50.826,76410.61364346408
2026-04-30 15:00:29.633,76270.43468783535
2026-04-30 16:00:59.951,76455.76704590907
2026-04-30 17:00:48.747,76216.33823270486
2026-04-30 18:00:24.638,76235.32221878375
2026-04-30 19:00:42.712,76343.14131925348
2026-04-30 20:00:39.482,76391.95833110265
2026-04-30 21:00:50.514,76465.47268894286
2026-04-30 22:00:44.363,76231.26886058506
2026-04-30 23:00:11.796,76189.37205616337
2026-05-01 00:00:00.693,76286.57710950871
2026-05-01 01:00:53.489,76379.67128631244
2026-05-01 02:00:47.284,76656.57064385938
2026-05-01 03:00:01.370,76517.3133818177
2026-05-01 04:00:10.968,77085.22718465359
2026-05-01 05:00:22.505,77009.0736401404
2026-05-01 06:00:38.361,77118.9788591889
2026-05-01 07:00:40.828,77034.26419331781
2026-05-01 08:00:26.705,77096.21079038092
2026-05-01 09:00:21.323,77340.98047049128
2026-05-01 10:00:16.743,77231.30471966216
2026-05-01 11:00:54.545,77240.15798301293
2026-05-01 12:00:45.526,77433.64205650402
2026-05-01 13:00:42.692,77969.27491618901
2026-05-01 14:01:10.071,78695.21355815475
2026-05-01 15:00:13.191,78320.42975742156
2026-05-01 16:00:49.972,78434.82448589527
2026-05-01 17:00:03.247,78252.9324694872
2026-05-01 18:00:52.001,78548.40091164663
2026-05-01 19:00:31.370,78382.96178450093
2026-05-01 20:00:28.062,78423.58948035864
2026-05-01 21:00:39.242,77859.3116606549
2026-05-01 22:00:49.543,78174.02675323762
2026-05-01 23:00:56.057,78138.26976073837
2026-05-02 00:00:33.537,78172.07422147921
2026-05-02 01:00:36.113,78308.37520882013
2026-05-02 02:00:44.908,78286.27861903312
2026-05-02 03:00:11.975,78362.29923426916
2026-05-02 04:00:39.668,78437.93476926665
2026-05-02 05:00:06.749,78150.11936951149
2026-05-02 06:00:28.993,78195.68680702572
2026-05-02 07:00:45.701,78306.93283732959
2026-05-02 08:00:48.392,78194.06055081423
2026-05-02 09:00:40.845,78285.70832684374
2026-05-02 10:00:47.319,78281.28398457692
2026-05-02 11:00:47.841,78240.11769161666
2026-05-02 12:00:41.480,78128.46024348195
2026-05-02 13:00:52.674,78193.2744831238
2026-05-02 14:00:23.002,78360.21898348848
2026-05-02 15:00:57.596,78411.38510755789
2026-05-02 16:00:33.180,78461.63721855872
2026-05-02 17:00:11.069,78435.08617699439
2026-05-02 18:00:04.005,78382.70991118148
2026-05-02 19:00:46.535,78457.5389191646
2026-05-02 20:00:15.067,78447.53632340279
2026-05-02 21:00:47.472,78439.4139272263
2026-05-02 22:00:24.789,78732.6338722369
2026-05-02 23:00:35.245,78804.99536374844
2026-05-03 00:00:59.728,78666.02056290468
2026-05-03 01:00:56.603,78525.2146039029
2026-05-03 02:00:28.483,78247.12211102132
2026-05-03 03:01:06.475,78157.88034742486
2026-05-03 04:00:54.226,78188.40860775959
2026-05-03 05:00:57.318,78146.92223825728
2026-05-03 06:00:49.289,78229.08291869442
2026-05-03 07:01:08.417,78271.08132011641
2026-05-03 08:00:38.248,78350.69027764065
2026-05-03 09:00:57.190,78386.58845756314
2026-05-03 10:00:56.075,78514.79652456472
2026-05-03 11:00:33.462,78393.61348590766
2026-05-03 12:00:11.955,78651.90783179233
2026-05-03 13:00:28.703,78723.62272234702
2026-05-03 14:00:56.232,78671.01722577176
2026-05-03 15:00:25.426,78735.77368245517
2026-05-03 16:00:01.209,78648.51670661499
2026-05-03 17:00:43.040,78671.22481306917
2026-05-03 18:01:04.652,78714.14816000318
2026-05-03 19:00:29.236,78723.71597574794
2026-05-03 20:00:06.341,78772.93638758908
2026-05-03 21:00:24.969,78882.41352644576
2026-05-03 22:00:02.579,78784.56538231378
2026-05-03 23:00:18.129,79164.91262664807
2026-05-04 00:00:24.199,78542.80803714818
2026-05-04 01:00:21.733,78523.09209511426
2026-05-04 02:00:11.798,79525.0486011737
2026-05-04 03:00:47.107,80247.57433910447
2026-05-04 04:00:19.152,80254.0760312916
2026-05-04 05:00:04.028,80296.72362760552
2026-05-04 06:00:49.287,80010.78689175253
2026-05-04 07:00:26.455,79920.44749612657
2026-05-04 08:00:53.151,79689.3122143952
2026-05-04 09:00:52.207,79714.0128258611
2026-05-04 10:00:51.475,79832.33782372707
2026-05-04 11:00:30.233,78911.17072497762
2026-05-04 12:00:29.630,78794.5386775698
2026-05-04 13:00:46.426,78946.74382793218
2026-05-04 14:00:19.620,78795.3827203887
2026-05-04 15:00:26.294,80262.81441266934
2026-05-04 16:00:59.053,79961.47965724225
2026-05-04 17:00:29.774,79997.7587206583
2026-05-04 18:00:24.474,80468.0775179202
2026-05-04 19:00:25.417,80114.39169381397
2026-05-04 20:00:36.109,80052.0708073038
2026-05-04 21:00:49.527,79929.45608891523
2026-05-04 22:00:46.495,80248.55770465586
2026-05-04 23:00:54.225,80060.10705547684
2026-05-05 00:00:20.337,79824.40331204748
2026-05-05 01:00:42.625,80138.68119208484
2026-05-05 02:00:36.397,80325.98978821686
2026-05-05 03:00:42.948,80502.6608897079
2026-05-05 04:00:41.908,80862.32986289714
2026-05-05 05:00:16.870,80879.64169767959
2026-05-05 06:00:31.571,80964.32892911187
2026-05-05 07:00:58.056,80929.42691227201
2026-05-05 08:00:59.885,80832.01520950334
2026-05-05 09:00:29.966,80777.53289851543
2026-05-05 10:01:09.759,80559.87773983457
2026-05-05 11:00:10.508,80807.32656323555
2026-05-05 12:00:50.660,80980.88740291572
2026-05-05 13:00:59.256,81269.26250467004
2026-05-05 14:01:14.421,81344.9530195381
2026-05-05 15:00:11.258,81320.6271467758
2026-05-05 16:00:49.284,81531.44168217648
2026-05-05 17:00:29.851,81239.08701427226
2026-05-05 18:00:27.681,81263.69235345974
2026-05-05 19:00:41.471,81505.5389396501
2026-05-05 20:00:42.936,81610.0981394073
2026-05-05 21:00:49.608,81640.76606774832
2026-05-05 22:00:15.009,81435.04217472997
2026-05-05 23:00:48.759,81102.49055562499
2026-05-06 00:00:42.626,80925.09365495079
2026-05-06 01:00:46.577,81025.08656540702
2026-05-06 02:00:11.267,81397.411569984
2026-05-06 03:00:22.686,81358.38548975713
2026-05-06 04:00:16.151,81584.74166306602
2026-05-06 05:00:30.236,81306.10012559843
2026-05-06 06:00:53.578,81297.72330722761
2026-05-06 07:00:34.724,81473.56659293742
2026-05-06 08:00:36.137,81329.1136388315
2026-05-06 09:00:36.661,81899.30243968488
2026-05-06 10:00:12.605,81952.1101049097
2026-05-06 11:00:57.616,82290.68407538498
2026-05-06 12:00:55.127,82496.20820745183
2026-05-06 13:00:07.183,82205.60200195608
2026-05-06 14:00:44.107,81706.995476948
2026-05-06 15:00:41.537,81514.56522213451
2026-05-06 16:00:50.319,81680.52689781821
2026-05-06 17:00:44.518,81633.84574005251
2026-05-06 18:01:18.590,81442.95333192401
2026-05-06 19:00:50.023,81360.03801766584
2026-05-06 20:00:40.265,81467.38228080935
2026-05-06 21:00:35.035,81396.90859345869
2026-05-06 22:00:33.775,81535.56051187172
2026-05-06 23:00:30.621,81341.72824280302
2026-05-07 00:00:43.677,81424.99515650333
2026-05-07 01:00:51.201,81025.86984340467
2026-05-07 02:00:21.779,81164.7659265684
2026-05-07 03:00:47.617,81101.16003173548
2026-05-07 04:00:26.688,80866.42753547305
2026-05-07 05:00:41.167,80953.3833159498
2026-05-07 06:00:29.501,81039.78989761735
2026-05-07 07:00:46.447,81397.13070774359
2026-05-07 08:00:27.111,81497.72906865228
2026-05-07 09:00:50.018,81212.97643770608
2026-05-07 10:01:06.904,80923.64105632599
2026-05-07 11:00:29.356,80829.48845781687
2026-05-07 12:00:06.855,80858.04643663602
2026-05-07 13:00:55.622,81158.02618621176
2026-05-07 14:00:10.793,80518.08550605948
2026-05-07 15:01:02.945,80160.46228405276
2026-05-07 16:00:27.776,79895.48468462411
2026-05-07 17:01:11.652,79785.58492155476
2026-05-07 18:00:36.783,80080.24103755607
2026-05-07 19:00:58.078,80208.20259981617
2026-05-07 20:00:04.248,80086.82987664758
2026-05-07 21:00:52.509,79864.24334933555
2026-05-07 22:00:51.762,79778.9710136237
2026-05-07 23:00:55.585,79903.13315729475
2026-05-08 00:00:05.244,80022.04125006415
2026-05-08 01:01:13.615,79773.77281488809
2026-05-08 02:00:37.934,79726.5063910817
2026-05-08 03:00:28.351,79467.2776985759
2026-05-08 04:00:14.084,79565.88415271358
2026-05-08 05:00:38.884,79643.43510935546
2026-05-08 06:00:35.144,79621.66883251265
2026-05-08 07:00:35.816,79482.76287784053
2026-05-08 08:00:07.120,79666.44198815993
2026-05-08 09:00:43.846,79901.01949747415
2026-05-08 10:00:35.344,79852.08374240961
2026-05-08 11:00:40.409,80195.29628009013
2026-05-08 12:00:50.450,80218.69695879071
2026-05-08 13:00:57.951,80047.65873791873
2026-05-08 14:00:52.100,79588.23885692912
2026-05-08 15:00:28.461,80097.30821841754
2026-05-08 16:00:55.356,80104.66044328224
2026-05-08 17:00:43.496,79799.24748348113
2026-05-08 18:00:53.315,80026.20541110853
2026-05-08 19:00:24.329,80134.6910565651
2026-05-08 20:00:38.222,80095.51493127189
2026-05-08 21:00:35.999,80115.99080461846
2026-05-08 22:00:39.322,80222.98937217446
2026-05-08 23:00:41.591,80272.10755156755
2026-05-09 00:00:30.511,80189.06503567853
2026-05-09 01:01:12.532,80227.05117840739
2026-05-09 02:00:56.529,80338.74262095778
2026-05-09 03:00:06.027,80403.26336788909
2026-05-09 04:00:29.958,80381.29773964443
2026-05-09 05:01:00.807,80374.19698015944
2026-05-09 06:00:55.441,80384.38574538061
2026-05-09 07:00:34.180,80225.08553906319
2026-05-09 08:00:20.685,80217.38206877769
2026-05-09 09:00:10.776,80393.63767911753
2026-05-09 10:00:17.112,80205.7613054906
2026-05-09 11:01:04.837,80252.18834131895
2026-05-09 12:00:23.893,80350.36116385079
2026-05-09 13:00:29.436,80385.0903436548
2026-05-09 14:00:55.965,80375.02812868063
2026-05-09 15:00:28.716,80321.08226008785
2026-05-09 16:00:39.151,80513.2583951042
2026-05-09 17:00:11.378,80630.9162025437
2026-05-09 18:01:13.657,80785.86258160052
2026-05-09 19:00:41.248,80879.96174929348
2026-05-09 20:00:48.087,80894.73012869508
2026-05-09 21:00:12.832,80788.8733783315
2026-05-09 22:00:46.614,80783.06688231578
2026-05-09 23:00:54.295,80742.81677374235
2026-05-10 00:00:21.244,80678.03394296461
2026-05-10 01:00:49.367,80636.17438569819
2026-05-10 02:00:44.524,80646.3677133728
2026-05-10 03:00:42.298,80740.68224066612
2026-05-10 04:00:39.559,80784.86044941361
2026-05-10 05:00:24.394,80756.84067640145
2026-05-10 06:00:53.710,80687.81763340271
2026-05-10 07:00:49.530,80707.17550393201
2026-05-10 08:00:48.424,80713.38278757007
2026-05-10 09:00:12.115,80807.26967707316
2026-05-10 10:00:52.849,80789.39171240719
2026-05-10 11:00:36.713,80866.49555629356
2026-05-10 12:00:54.370,80823.27765456258
2026-05-10 13:00:45.367,80887.27456820405
2026-05-10 14:00:33.610,80934.7288755923
2026-05-10 15:00:18.573,80932.16651690709
2026-05-10 16:00:46.028,81405.10348001376
2026-05-10 17:00:48.799,81323.98418900248
2026-05-10 18:00:33.629,81443.36517602435
2026-05-10 19:00:45.457,81264.60516402808
2026-05-10 20:00:31.352,81411.0286812594
2026-05-10 21:00:43.940,80687.32159893127
2026-05-10 22:00:37.546,80720.07644503274
2026-05-10 23:00:39.528,82025.58932286626
2026-05-11 00:00:57.780,82145.65606759128
2026-05-11 01:00:51.884,81433.73448367607
2026-05-11 02:01:32.366,81472.29863059585
2026-05-11 03:00:49.097,81179.93465005465
2026-05-11 04:00:31.940,80694.97932549506
2026-05-11 05:01:09.665,80825.82378598195
2026-05-11 06:00:25.445,80821.49056329245
2026-05-11 07:00:04.794,80841.65645012756
2026-05-11 08:00:07.849,80710.23791266454
2026-05-11 09:00:52.765,80740.62330786207
2026-05-11 10:00:41.944,80942.44595589298
2026-05-11 11:00:33.986,80942.53310700732
2026-05-11 12:00:35.019,81149.89283166677
2026-05-11 13:00:27.843,81045.84776489827
2026-05-11 14:00:24.126,81001.73089268175
2026-05-11 15:00:18.981,80898.20817826076
2026-05-11 16:00:22.732,81383.84565643611
2026-05-11 17:00:51.267,81572.92679294707
2026-05-11 18:01:10.456,81900.99041225105
2026-05-11 19:00:34.748,81876.99123747677
2026-05-11 20:00:08.842,81939.13911645801
2026-05-11 21:00:42.688,81795.30398041235
2026-05-11 22:02:02.901,81811.90192971023
2026-05-11 23:00:47.829,81823.28617527579
2026-05-12 00:00:27.362,81725.20771701908
2026-05-12 01:00:46.949,81530.92615591706
2026-05-12 02:00:32.124,81170.30460840944
2026-05-12 03:00:42.009,81222.304124304
2026-05-12 04:00:45.205,81026.2679937985
2026-05-12 05:00:52.161,81199.57392751012
2026-05-12 06:00:08.103,81229.06269424419
2026-05-12 07:00:50.449,81010.85603635802
2026-05-12 08:00:45.072,80862.23210418917
2026-05-12 09:00:51.880,80837.67211840981
2026-05-12 10:00:18.314,80791.43564091134
2026-05-12 11:01:00.041,80632.79138688132
2026-05-12 12:00:47.697,80745.79929009557
2026-05-12 13:00:29.329,80845.76358282797
2026-05-12 14:00:14.558,80485.01831309334
2026-05-12 15:00:55.258,80496.58046316024
2026-05-12 16:00:30.484,80336.59109533313
2026-05-12 17:00:22.252,79962.92388446922
2026-05-12 18:00:43.569,80487.83277814712
2026-05-12 19:00:38.712,80679.53997173761
2026-05-12 20:00:35.982,80788.26866585051
2026-05-12 21:00:38.622,80675.66918067574
2026-05-12 22:00:28.571,80557.61091059956
2026-05-12 23:00:21.547,80652.28434539585
2026-05-13 00:00:59.840,80480.88600120835
2026-05-13 01:00:50.365,80691.23503359752
2026-05-13 02:00:39.750,80986.08973138953
2026-05-13 03:00:10.455,81023.16665948738
2026-05-13 04:00:04.275,81195.70925003936
2026-05-13 05:00:30.406,81206.64457454227
2026-05-13 06:00:41.397,80991.70388721126
2026-05-13 07:00:36.992,80954.3346205502
2026-05-13 08:00:43.879,80976.2602877737
2026-05-13 09:00:15.924,81150.00352652717
2026-05-13 10:01:02.316,81234.86412675556
2026-05-13 11:00:26.128,80794.70352168809
2026-05-13 12:00:18.489,80484.93652001802
2026-05-13 13:01:01.738,80172.12834472199
2026-05-13 14:01:08.364,79611.24439222651
2026-05-13 15:01:09.191,79694.94565363339
2026-05-13 16:00:50.345,78827.54792181139
2026-05-13 17:01:15.904,79083.71529336565
2026-05-13 18:00:23.416,79469.1336535052
2026-05-13 19:00:37.752,79611.13033898249
2026-05-13 20:00:38.723,79563.36017130932
2026-05-13 21:00:42.663,79664.0059203044
2026-05-13 22:00:46.841,79371.06007842836
2026-05-13 23:00:29.025,79401.91331959852
2026-05-14 00:00:34.090,79277.8045183824
2026-05-14 01:00:44.431,79571.06259655117
2026-05-14 02:00:28.139,79556.9768049897
2026-05-14 03:00:42.672,79326.79558356298
2026-05-14 04:00:25.393,78973.18631712155
2026-05-14 05:00:07.932,79398.19210185793
2026-05-14 06:00:39.350,79785.00644936842
2026-05-14 07:00:51.863,79790.68604436822
2026-05-14 08:00:46.496,79766.37977146132
2026-05-14 09:00:46.781,79786.22165732547
2026-05-14 10:01:07.474,79601.9534672012
2026-05-14 11:00:59.819,79545.68685406531
2026-05-14 12:00:52.089,79264.05774143318
2026-05-14 13:00:39.709,79726.24351022104
2026-05-14 14:00:42.849,79810.89690179186
2026-05-14 15:00:17.616,80920.39660281195
2026-05-14 16:00:48.731,81293.32833629358
2026-05-14 17:00:49.769,81594.45896822178
2026-05-14 18:00:56.078,81700.16059140985
2026-05-14 19:00:14.230,81590.6148904032
2026-05-14 20:00:56.885,81386.90364619115
2026-05-14 21:00:40.791,81368.81927128704
2026-05-14 22:00:18.283,81381.94694404372
2026-05-14 23:00:04.813,81418.22020889683
2026-05-15 00:00:44.336,81051.9828878728
2026-05-15 01:00:56.229,81487.62279226341
2026-05-15 02:00:35.428,81145.39406037347
2026-05-15 03:00:11.480,81285.34355768772
2026-05-15 04:00:28.158,81055.27674142539
2026-05-15 05:00:46.244,80770.59490895896
2026-05-15 06:01:03.954,80325.3288090536
2026-05-15 07:01:03.727,80557.777154733
2026-05-15 08:01:10.210,80796.51952614383
2026-05-15 09:00:27.070,80618.72075688612
2026-05-15 10:00:47.747,80436.75045952036
2026-05-15 11:01:09.044,80706.63243655507
2026-05-15 12:00:21.201,80606.09448486914
2026-05-15 13:00:42.577,80353.73089436247
2026-05-15 14:00:42.482,78742.81197902776
2026-05-15 15:00:21.370,79207.6625868325
2026-05-15 16:00:54.970,79140.59603088169
2026-05-15 17:00:43.047,79227.9952205075
2026-05-15 18:01:00.309,79414.04836193676
2026-05-15 19:00:36.331,79233.92614210196
2026-05-15 20:00:42.664,79121.1795650801
2026-05-15 21:00:44.465,79074.4828476354
2026-05-15 22:00:48.811,78960.85304787316
2026-05-15 23:00:34.278,79067.66378149157
2026-05-16 00:00:59.584,79071.54026748115
2026-05-16 01:00:52.902,79045.98956499087
2026-05-16 02:00:28.652,79124.94324558716
2026-05-16 03:00:39.072,79056.41601316098
2026-05-16 04:00:29.997,79057.8193456096
2026-05-16 05:00:40.057,78983.27028455223
2026-05-16 06:00:43.611,78943.79036564812
2026-05-16 07:01:11.774,78600.90413421272
2026-05-16 08:00:53.671,78335.77889292447
2026-05-16 09:00:18.734,78381.03314710695
2026-05-16 10:01:00.182,78054.51070754218
2026-05-16 11:00:33.785,77912.5167834028
2026-05-16 12:00:40.423,78051.93728239798
2026-05-16 13:00:25.024,77982.28628828519
2026-05-16 14:00:38.236,77959.3752388931
2026-05-16 15:00:47.572,78093.091820838
2026-05-16 16:00:45.210,78202.9161974475
2026-05-16 17:00:42.461,78138.05831742722
2026-05-16 18:00:43.663,78180.62622289089
2026-05-16 19:00:03.457,78198.39614142905
2026-05-16 20:00:46.859,78216.81663750052
2026-05-16 21:00:27.189,78225.72888066393
2026-05-16 22:00:42.168,78257.2390768038
2026-05-16 23:00:39.790,78156.22546207823
2026-05-17 00:00:43.668,78135.00994863857
2026-05-17 01:00:36.743,77882.3262379739
2026-05-17 02:00:45.701,77727.76142928877
2026-05-17 03:00:09.019,77869.83067879325
2026-05-17 04:00:58.556,77979.88187175932
2026-05-17 05:01:12.505,78124.20569826697
2026-05-17 06:00:34.358,78087.48797937523
2026-05-17 07:01:12.997,78065.68623550446
2026-05-17 08:00:32.327,78136.11266346957
2026-05-17 09:00:05.871,78051.86481993174
2026-05-17 10:00:27.506,78233.19909920012
2026-05-17 11:01:04.810,78400.27916520913
2026-05-17 12:01:09.541,78368.61791250898
2026-05-17 13:00:43.950,78329.31987604302
2026-05-17 14:00:22.361,78180.52204950555
2026-05-17 15:00:48.574,78020.49492571769
2026-05-17 16:00:46.182,78011.09225884621
2026-05-17 17:00:47.708,78012.92029538131
2026-05-17 18:00:36.102,78035.74701606306
2026-05-17 19:00:39.072,78195.87344032283
2026-05-17 20:00:47.329,78357.07027478493
2026-05-17 21:00:11.000,78253.23742415351
2026-05-17 22:00:30.487,78381.76639133113
2026-05-17 23:00:45.586,77927.94321509842
2026-05-18 00:00:51.831,77432.49532158482
2026-05-18 01:00:49.983,77113.76999246645
2026-05-18 02:00:43.229,77081.14895044707
2026-05-18 03:00:17.909,76766.43250777687
2026-05-18 04:00:41.153,76902.39831358608
2026-05-18 05:00:08.990,76993.05426448864
2026-05-18 06:00:07.911,76859.74311691838
2026-05-18 07:00:42.053,76873.53211450647
2026-05-18 08:00:07.189,77012.12004935036
2026-05-18 09:00:26.548,76981.44715886422
2026-05-18 10:00:35.719,76885.21648367132
2026-05-18 11:00:48.161,76755.92727194424
2026-05-18 12:00:24.973,77247.08712150832
2026-05-18 13:00:01.587,77580.45788279633
2026-05-18 14:01:18.061,76900.22553573406
2026-05-18 15:00:13.835,76310.83487159385
2026-05-18 16:00:52.766,76379.69769204907
2026-05-18 17:00:38.595,76378.03245877317
2026-05-18 18:00:24.305,76644.85000183797
2026-05-18 19:00:29.858,76201.13499806737
2026-05-18 20:00:48.713,76826.81155248074
2026-05-18 21:00:31.987,76875.459595518
2026-05-18 22:00:37.828,77059.8254962274
2026-05-18 23:00:26.306,76995.11844336234
2026-05-19 00:00:43.909,76952.2148594993
2026-05-19 01:00:56.632,77115.67918508459
2026-05-19 02:00:32.767,76662.75223604184
2026-05-19 03:00:34.357,76561.75331627803
2026-05-19 04:00:32.929,76711.84159629511
2026-05-19 05:00:38.609,76853.63688528951
2026-05-19 06:00:38.636,76866.66226018792
2026-05-19 07:00:29.987,76972.81195472868
2026-05-19 08:00:13.572,77163.06667781518
2026-05-19 09:00:51.805,77016.71228883085
2026-05-19 10:00:57.013,76761.03496632191
2026-05-19 11:00:23.973,76990.21123393172
2026-05-19 12:00:19.505,76669.24774787932
2026-05-19 13:00:48.660,76895.93036006749
2026-05-19 14:00:28.466,76817.60520358298
2026-05-19 15:00:51.330,76303.16796769164
2026-05-19 16:00:12.611,76435.07593855551
2026-05-19 17:01:11.409,76836.20168129544
2026-05-19 18:00:35.285,76764.16350432558
2026-05-19 19:00:43.024,76748.12847316008
2026-05-19 20:00:10.402,76749.63496080026
2026-05-19 21:00:36.075,76964.22931200596
2026-05-19 22:00:50.153,76941.07168562195
2026-05-19 23:00:30.309,76657.70732989699
2026-05-20 00:00:09.472,76752.95255055482
2026-05-20 01:00:33.532,76694.16347867198
2026-05-20 02:01:08.285,76752.76732486086
2026-05-20 03:00:23.669,76618.8095608257
2026-05-20 04:00:30.592,76660.10858790681
2026-05-20 05:00:34.287,76695.07866034079
2026-05-20 06:00:51.701,77109.62949335223
2026-05-20 07:00:27.638,77317.86766032185
2026-05-20 08:00:35.458,77197.76872528357
2026-05-20 09:00:06.586,77374.81435710962
2026-05-20 10:00:22.650,77391.89964897318
2026-05-20 11:00:51.591,77440.4028944954
2026-05-20 12:00:09.587,77317.01140638636
2026-05-20 13:00:45.632,77555.78541024856
2026-05-20 14:00:50.662,77095.28238178822
2026-05-20 15:00:25.001,77426.2854889925
2026-05-20 16:00:06.121,77358.58731311708
2026-05-20 17:00:59.604,77216.24695993384
2026-05-20 18:00:35.438,77488.3621133274
2026-05-20 19:00:58.661,77341.85466299231
2026-05-20 20:00:44.571,77612.83593302881
2026-05-20 21:00:20.706,77653.42041764109
2026-05-20 22:00:10.624,77459.82621158756
2026-05-20 23:00:38.479,77407.41652229207
2026-05-21 00:00:50.051,77459.94434557436
2026-05-21 01:00:46.722,77897.99240796451
2026-05-21 02:00:08.065,77787.12067906969
2026-05-21 03:00:07.153,77906.15965477488
2026-05-21 04:00:55.024,77998.92449437483
2026-05-21 05:00:06.275,77955.18081303046
2026-05-21 06:00:09.095,77708.75711657645
2026-05-21 07:00:18.050,77538.08178221434
2026-05-21 08:00:16.918,77801.70532719645
2026-05-21 09:01:05.066,77854.86524874257
2026-05-21 10:00:06.799,77590.61012107838
2026-05-21 11:00:00.254,77160.08546103875
2026-05-21 12:01:14.649,77129.2183062369
2026-05-21 13:00:38.027,77220.3436162166
2026-05-21 14:00:09.704,77004.92262840022
2026-05-21 15:00:37.500,76923.31167878033
2026-05-21 16:01:03.258,77180.16667552038
2026-05-21 17:00:32.388,77091.57107294537
2026-05-21 18:01:03.059,77879.9479276169
2026-05-21 19:00:15.426,77268.2484925712
2026-05-21 20:00:40.981,77629.6578120884
2026-05-21 21:00:35.437,77623.5780666652
2026-05-21 22:00:43.897,77593.42125955742
2026-05-21 23:00:44.089,77549.3027208868
2026-05-22 00:00:40.407,77546.33765297421
2026-05-22 01:00:39.366,77329.74568558167
2026-05-22 02:00:57.326,77519.0973810158
2026-05-22 03:00:39.090,77575.26613219114
2026-05-22 04:01:16.625,77689.64863872912
2026-05-22 05:00:44.136,77576.11365776238
2026-05-22 06:00:24.762,77434.44864744923
2026-05-22 07:00:53.353,77338.6805452457
2026-05-22 08:00:44.114,77324.99782768908
2026-05-22 09:00:29.758,77204.40488918967
2026-05-22 10:00:47.118,77225.78554990837
2026-05-22 11:00:24.666,77223.27179422832
2026-05-22 12:00:48.577,77321.51073719074
2026-05-22 13:00:05.042,77405.70610078031
2026-05-22 14:00:35.545,77159.30373001097
2026-05-22 15:00:58.057,76699.98651599968
2026-05-22 16:00:55.768,76716.98241226714
2026-05-22 17:00:28.674,76873.62249594941
2026-05-22 18:00:27.976,76681.7681851013
2026-05-22 19:00:33.943,76442.19264835134
2026-05-22 20:00:54.825,75784.62429980212
2026-05-22 21:00:14.646,75890.90629208337
2026-05-22 22:00:42.236,75909.30496418383
2026-05-22 23:01:14.868,75650.83264919114
2026-05-23 00:00:27.144,75482.52379955728
2026-05-23 01:00:55.005,75308.69543704066
2026-05-23 02:00:31.482,75391.63727313517
2026-05-23 03:00:28.357,75482.60880877408
2026-05-23 04:00:23.630,75547.72106173361
2026-05-23 05:00:30.210,75432.26111879738
2026-05-23 06:00:43.618,75390.38033389076
2026-05-23 07:01:06.509,75315.48120471499
2026-05-23 08:00:15.397,74501.44624467158
2026-05-23 09:00:17.082,74594.266948548
2026-05-23 10:00:31.604,74595.75522893954
2026-05-23 11:01:04.516,74634.15234894428
2026-05-23 12:01:13.459,74726.6276043982
2026-05-23 13:00:18.087,74647.68184277452
2026-05-23 14:00:27.217,75144.79632662662
2026-05-23 15:00:43.687,75490.81697182571
2026-05-23 16:01:03.297,75429.42744981844
2026-05-23 17:01:00.478,75385.51459468192
2026-05-23 18:00:38.964,75410.8931050197
2026-05-23 19:00:37.223,75763.66499380357
2026-05-23 20:00:50.914,75859.36223277515
2026-05-23 21:00:48.516,77083.62700362576
2026-05-23 22:00:55.137,76684.10937027646
2026-05-23 23:00:32.231,76485.46079733527
2026-05-24 00:00:33.731,76672.79289056802
2026-05-24 01:00:15.565,76741.90375698816
2026-05-24 02:00:17.100,76774.22321506299
2026-05-24 03:00:08.875,76741.4946148287
2026-05-24 04:00:01.276,76695.50871095517
2026-05-24 05:01:12.347,76697.91404045829
2026-05-24 06:00:21.905,76729.32392445345
2026-05-24 07:00:43.385,76895.45762366304
2026-05-24 08:00:51.837,76693.3389669575
2026-05-24 09:01:02.115,76726.07252032301
2026-05-24 10:00:44.439,76929.25849479125
2026-05-24 11:00:52.018,77091.63956548445
2026-05-24 12:00:30.722,77188.80275060053
2026-05-24 13:00:42.977,77020.46751212778
2026-05-24 14:00:41.001,76632.76877493666
2026-05-24 15:00:52.160,76365.91782606384
2026-05-24 16:00:55.477,76277.84004242295
2026-05-24 17:00:46.131,76585.62888759066
2026-05-24 18:00:24.086,76611.96032626045
2026-05-24 19:00:44.042,76577.2355801319
2026-05-24 20:00:49.632,76667.97493982174
2026-05-24 21:00:34.977,76536.70955926481
2026-05-24 22:00:46.697,76053.09286467356
2026-05-24 23:00:46.352,76711.6847806074
2026-05-25 00:00:43.538,76988.16126107218
2026-05-25 01:00:39.468,77042.18805297921
2026-05-25 02:00:35.265,76878.52160589892
2026-05-25 03:00:22.574,77013.51257203988
2026-05-25 04:00:24.484,76945.9993239736
2026-05-25 05:01:16.463,77293.18777284141
2026-05-25 06:01:07.744,77307.78666833728
2026-05-25 07:00:17.705,77319.4868518227
2026-05-25 08:00:42.000,77290.93658775333
2026-05-25 09:00:14.703,77352.26097057169
2026-05-25 10:00:26.067,77536.97533201851
2026-05-25 11:00:18.224,77466.16370614084
2026-05-25 12:00:17.241,77281.0986345333
2026-05-25 13:00:56.596,77311.3537794357
2026-05-25 14:00:42.206,77254.7240379568
2026-05-25 15:00:13.333,77630.86165853041
2026-05-25 16:01:15.667,77555.14791997749
2026-05-25 17:01:05.448,77664.64771662546
2026-05-25 18:00:50.257,77500.46084334655
2026-05-25 19:00:34.459,77480.72406742773
2026-05-25 20:00:39.607,77360.4216448523
2026-05-25 21:00:53.746,77209.92147894441
2026-05-25 22:00:48.444,77299.08289158458
2026-05-25 23:00:40.388,77092.594938148
2026-05-26 00:00:40.938,77274.40152182181
2026-05-26 01:00:52.590,76739.8657548095
2026-05-26 02:00:50.559,76682.97257385454
2026-05-26 03:00:06.389,76550.50541203901
2026-05-26 04:00:19.103,76583.60515878667
2026-05-26 05:00:47.815,76683.10076811445
2026-05-26 06:00:51.698,76808.79984328304
2026-05-26 07:00:37.650,76833.84606671348
2026-05-26 08:00:49.629,76626.94547904102
2026-05-26 09:00:38.465,76667.45509592198
2026-05-26 10:00:37.944,76583.86251168925
2026-05-26 11:01:00.161,77398.32265973478
2026-05-26 12:00:59.271,77124.5981377322
2026-05-26 13:01:27.890,77041.73401293685
2026-05-26 14:01:16.040,77147.59897886326
2026-05-26 15:01:09.217,76869.39131981676
2026-05-26 16:01:49.480,76384.17982752257
2026-05-26 17:01:25.406,76435.94992971321
2026-05-26 18:01:57.496,75905.676364339
2026-05-26 19:02:27.365,75724.21454561081
2026-05-26 20:02:49.281,75931.35584194178
2026-05-26 21:03:00.585,75994.62461604114
2026-05-26 22:01:38.552,75918.45385338327
2026-05-26 23:01:13.644,75636.67263339218
2026-05-27 00:01:38.949,75824.06332542913
2026-05-27 01:02:36.318,75847.70891897366
2026-05-27 02:00:55.394,75787.44304555315
2026-05-27 03:01:10.072,75710.14817498735
2026-05-27 04:00:59.757,75554.85695378832
2026-05-27 05:00:54.568,75477.54344710376
2026-05-27 06:00:31.411,75610.10208701751
2026-05-27 07:00:50.792,75719.03822003855
2026-05-27 08:00:58.117,75858.35142366614
2026-05-27 09:01:02.314,75754.84173398792
2026-05-27 10:00:23.263,75795.07457820661
2026-05-27 11:01:12.180,75808.64965275553
2026-05-27 12:00:16.672,75652.39887438538
2026-05-27 13:00:22.175,75605.32550642244
2026-05-27 14:01:02.798,74904.22831010737
2026-05-27 15:00:34.580,74921.34138561886
2026-05-27 16:00:07.365,75186.51344624023
2026-05-27 17:00:47.206,75181.6059945788
2026-05-27 18:01:18.106,74732.64177905432
2026-05-27 19:00:29.823,74885.42892893817
2026-05-27 20:00:19.029,74923.09084430357
2026-05-27 21:00:35.209,75154.74067952846
2026-05-27 22:00:27.230,74322.46254727744
2026-05-27 23:00:31.563,74346.87605567365
2026-05-28 00:00:45.190,74352.69928002391
2026-05-28 01:00:12.700,74425.57996613014
2026-05-28 02:00:22.121,74227.63340564318
2026-05-28 03:00:12.433,74181.84397705716
2026-05-28 04:00:16.008,73131.57748263904
2026-05-28 05:00:26.016,73052.85765963126
2026-05-28 06:00:48.695,72875.90960868284
2026-05-28 07:00:06.782,73048.6755154588
2026-05-28 08:00:20.433,73337.44824176798
2026-05-28 09:00:40.281,73200.07694076093
2026-05-28 10:00:41.776,73418.1434928209
2026-05-28 11:00:34.290,73306.30442344282
2026-05-28 12:00:17.659,73384.84392551462
2026-05-28 13:00:54.903,73400.04206495249
2026-05-28 14:00:47.604,72898.65501360953
2026-05-28 15:00:29.946,72889.8326730699
2026-05-28 16:00:13.790,72785.65043331202
2026-05-28 17:00:33.410,73303.01923214295
2026-05-28 18:00:41.489,73451.99068403647
2026-05-28 19:00:48.955,73550.79256299682
2026-05-28 20:00:49.747,73343.3487732116
2026-05-28 21:00:52.277,73482.95850574436
2026-05-28 22:00:18.186,73739.61799518361
2026-05-28 23:00:17.139,73370.36217240569
2026-05-29 00:00:35.175,73539.84189606174
2026-05-29 01:00:11.039,73613.0938173537
2026-05-29 02:00:50.034,73490.21978575047
2026-05-29 03:00:51.257,73112.31168568574
2026-05-29 04:00:09.565,73195.82372288709
2026-05-29 05:00:18.364,73401.22135906796
2026-05-29 06:00:59.768,73559.19835591863
2026-05-29 07:00:21.150,73673.46591664334
2026-05-29 08:00:40.855,73373.04416373577
2026-05-29 09:00:29.068,73539.89255044883
2026-05-29 10:00:32.186,73634.9177050287
2026-05-29 11:00:28.147,73570.16949009337
2026-05-29 12:00:49.409,73359.79897581557
2026-05-29 13:00:28.171,73197.21940706698
2026-05-29 14:01:06.839,73084.79098935658
2026-05-29 15:00:49.714,73008.29234582045
2026-05-29 16:00:43.238,73706.34296495169
2026-05-29 17:00:48.853,73944.31695316517
2026-05-29 18:01:17.066,73892.76714522223
2026-05-29 19:01:18.966,73252.6083321136
2026-05-29 20:00:53.100,73434.12862855184
2026-05-29 21:00:19.597,73559.98860906989
2026-05-29 22:00:30.539,73344.37491505673
2026-05-29 23:00:18.557,73390.22023302269
2026-05-30 00:00:51.752,73382.71831425565
2026-05-30 01:01:00.933,73457.7783083073
2026-05-30 02:00:46.534,73554.13465016182
2026-05-30 03:00:17.496,73678.65004220484
2026-05-30 04:00:39.809,73433.26929675156
2026-05-30 05:00:34.949,73295.06859327725
2026-05-30 06:00:28.493,73510.97929090264
2026-05-30 07:00:56.642,73493.48462333863
2026-05-30 08:00:39.055,73452.81151927126
2026-05-30 09:00:31.523,73415.52758611648
2026-05-30 10:00:14.638,73507.7904924995
2026-05-30 11:00:44.276,73519.54163045478
2026-05-30 12:00:05.027,73496.47625755738
2026-05-30 13:00:50.180,73588.23593614336
2026-05-30 14:01:02.729,73722.3676313432
2026-05-30 15:00:38.856,73828.59561634924
2026-05-30 16:00:21.045,73821.07392012235
2026-05-30 17:00:49.023,73824.47674568712
2026-05-30 18:00:25.452,73905.67706275536
2026-05-30 19:00:57.116,73937.87641153632
2026-05-30 20:00:01.110,73913.8274514589
2026-05-30 21:00:44.304,73851.4608190981
2026-05-30 22:00:29.188,73860.46182726156
2026-05-30 23:00:39.104,73769.5162114231
2026-05-31 00:01:09.596,73751.06787328025
2026-05-31 01:01:05.071,73920.31473177562
2026-05-31 02:00:04.491,73947.08282622244
2026-05-31 03:00:46.996,73964.96159780983
2026-05-31 04:00:51.666,74044.26528775951
2026-05-31 05:00:54.306,74090.7911820739
2026-05-31 06:01:04.178,73959.32784866802
2026-05-31 07:01:02.877,73950.51602071009
2026-05-31 08:00:45.172,73771.70365286582
2026-05-31 09:00:35.131,73836.47422326881
2026-05-31 10:01:13.076,73735.32639822178
2026-05-31 11:00:00.841,73777.55592280244
2026-05-31 12:01:03.884,73856.28538196295
2026-05-31 13:00:27.379,73807.57929483295
2026-05-31 14:00:36.121,73762.76278542812
2026-05-31 15:00:46.021,73524.85711770532
2026-05-31 16:00:59.307,73547.48551983605
2026-05-31 17:00:49.232,73425.39840959723
2026-05-31 18:00:42.778,73587.49530597204
2026-05-31 19:00:48.467,73522.96535084966
2026-05-31 20:00:43.553,73457.31960126235
2026-05-31 21:00:43.659,73638.60211812168
2026-05-31 22:00:48.327,73773.5878451807
2026-05-31 23:00:02.441,73876.60588468595
2026-06-01 00:01:22.489,73570.21708273572
2026-06-01 01:00:50.060,73797.23146758995
2026-06-01 02:01:00.079,73223.84734520393
2026-06-01 03:01:34.135,73683.50449016532
2026-06-01 04:01:06.269,73648.95999568363
2026-06-01 05:00:37.198,73457.98254562725
2026-06-01 06:00:03.512,73258.64989797205
2026-06-01 07:00:26.023,73022.22591311394
2026-06-01 08:00:28.685,72720.45685389063
2026-06-01 09:01:07.526,72803.2998427692
2026-06-01 10:00:47.300,72791.34886625511
2026-06-01 11:01:16.451,72661.72960466995
2026-06-01 12:00:15.034,72393.50490980071
2026-06-01 13:01:04.737,72121.5042474048
2026-06-01 14:00:23.681,71565.27763686831
2026-06-01 15:00:41.955,71370.97144566885
2026-06-01 16:00:20.219,70980.94428936618
2026-06-01 17:00:43.962,71444.9494361865
2026-06-01 18:00:18.975,71590.27965912364
2026-06-01 19:00:58.162,71426.04625445513
2026-06-01 20:00:47.115,71477.23635876295
2026-06-01 21:00:16.867,71357.87221552467
2026-06-01 22:00:10.467,70961.43860445131
2026-06-01 23:00:41.177,71348.66693075797
2026-06-02 00:01:21.869,71320.09989733889
2026-06-02 01:00:47.160,71192.44061761745
2026-06-02 02:00:02.028,70674.10440972645
2026-06-02 03:00:40.666,70674.80956731385
2026-06-02 04:00:54.165,70843.70785372073
2026-06-02 05:00:56.606,70691.15966467188
2026-06-02 06:00:35.057,70214.16564960449
2026-06-02 07:01:07.976,70000.21398988042
2026-06-02 08:00:35.516,70030.71612208706
2026-06-02 09:00:10.749,69693.37351195673
2026-06-02 10:00:08.674,69306.63700406029
2026-06-02 11:00:53.903,69578.00514153196
2026-06-02 12:00:39.917,69420.75178246271
2026-06-02 13:00:51.408,68980.48546837036
2026-06-02 14:00:50.339,68675.1626071005
2026-06-02 15:00:51.973,67930.07409871208
2026-06-02 16:01:22.047,67191.73015711248
2026-06-02 17:00:24.023,67362.14205456393
2026-06-02 18:00:50.152,67404.07411111722
2026-06-02 19:00:35.593,67237.49694150225
2026-06-02 20:00:50.321,67136.44638471157
2026-06-02 21:00:52.139,67516.11124047743
2026-06-02 22:00:54.965,67506.15240585305
2026-06-02 23:00:49.247,66315.56201635316
2026-06-03 00:00:48.541,66694.75326849708
2026-06-03 01:00:08.102,66904.28033960726
2026-06-03 02:00:33.811,66837.48168582759
2026-06-03 03:00:28.639,66537.19525872204
2026-06-03 04:01:17.993,65748.90161657339
2026-06-03 05:01:07.684,66372.87729551546
2026-06-03 06:00:40.103,67269.89806999358
2026-06-03 07:01:08.161,66909.54150769791
2026-06-03 08:00:05.942,67140.16922883953
2026-06-03 09:00:57.355,66933.36097066435
2026-06-03 10:01:12.957,67022.31101694723
2026-06-03 11:00:39.574,67188.43003131494
2026-06-03 12:00:21.343,66977.29313650142
2026-06-03 13:00:01.129,66995.05270697792
2026-06-03 14:01:05.438,66787.44899622556
2026-06-03 15:00:29.310,66773.00251408429
2026-06-03 16:01:16.584,66021.94863941765
2026-06-03 17:01:10.070,65968.79694833071
2026-06-03 18:00:55.495,65889.62293347699
2026-06-03 19:01:01.333,65964.97305565678
2026-06-03 20:00:37.368,65357.46528836223
2026-06-03 21:00:36.580,64879.65513355368
2026-06-03 22:00:39.726,65671.24348348453
2026-06-03 23:00:16.589,64813.38289563199
2026-06-04 00:00:27.834,64021.88915867498
2026-06-04 01:00:38.197,63155.43270867277
2026-06-04 02:00:31.637,62114.887626138094
2026-06-04 03:01:03.861,63156.12673184157
2026-06-04 04:00:58.700,64273.24836698033
2026-06-04 05:00:06.857,64303.610991445654
2026-06-04 06:00:43.323,63877.100437640045
2026-06-04 07:00:51.869,63969.861077072135
2026-06-04 08:00:36.644,63609.23962456499
2026-06-04 09:01:02.353,63562.82491603272
2026-06-04 10:00:05.689,63116.395422335314
2026-06-04 11:00:33.811,62388.618859522845
2026-06-04 12:00:01.343,62450.80905208616
2026-06-04 13:00:56.605,63671.58499621012
2026-06-04 14:00:51.986,64009.791802204076
2026-06-04 15:00:44.791,63870.93213050547
2026-06-04 16:00:59.157,63902.43300939559
2026-06-04 17:01:01.690,63515.997510119945
2026-06-04 18:00:49.531,63455.380634760535
2026-06-04 19:00:58.245,63778.125947749315
2026-06-04 20:00:59.197,63570.97734057268
2026-06-04 21:00:38.053,63540.57039825781
2026-06-04 22:00:41.688,63243.8582040147
2026-06-04 23:00:49.016,63661.25254140083
2026-06-05 00:00:40.568,63796.2543917893
2026-06-05 01:00:50.477,63380.11051713282
2026-06-05 02:00:15.688,63307.94041654308
2026-06-05 03:00:22.034,62563.106314788616
2026-06-05 04:01:18.819,62650.54773800535
2026-06-05 05:00:53.366,63384.29445196668
2026-06-05 06:01:00.546,62373.71848187581
2026-06-05 07:00:25.101,61877.241195372124
2026-06-05 08:00:53.037,62930.428692593974
2026-06-05 09:00:17.812,62394.09363525867
2026-06-05 10:00:13.361,62783.274232285476
2026-06-05 11:01:12.496,62492.06747682221
2026-06-05 12:00:38.830,61971.075991069585
2026-06-05 13:00:59.512,61909.86088936547
2026-06-05 14:01:09.642,60758.42527146145
2026-06-05 15:01:10.814,60787.48456481218
2026-06-05 16:01:17.858,60465.2518621624
2026-06-05 17:01:16.858,61400.834034237996
2026-06-05 18:01:12.528,60761.4584135615
2026-06-05 19:00:18.277,59353.42034890553
2026-06-05 20:01:00.959,60317.1980969419
2026-06-05 21:00:09.064,61633.1025067623
2026-06-05 22:00:48.826,61643.666878418364
2026-06-05 23:00:35.042,61658.390515035404
2026-06-06 00:00:29.699,60921.79441516493
2026-06-06 01:00:49.014,61271.40244548539
2026-06-06 02:00:50.248,61080.8546109545
2026-06-06 03:00:51.159,60951.51530057916
2026-06-06 04:00:12.748,60670.4415940172
2026-06-06 05:00:59.114,60073.171592618724
2026-06-06 06:00:58.154,60915.06975241639
2026-06-06 07:00:50.944,60742.468959847494
2026-06-06 08:00:53.484,60977.17981505444
2026-06-06 09:00:42.821,61282.9313998945
2026-06-06 10:00:18.022,60966.96489309166
2026-06-06 11:00:53.682,60522.4177580613
2026-06-06 12:00:48.156,60766.97161805294
2026-06-06 13:00:56.416,61010.48847465796
2026-06-06 14:00:09.758,60783.60690260497
2026-06-06 15:00:27.814,60801.25071653321
2026-06-06 16:01:02.475,60787.40516761303
2026-06-06 17:00:48.959,60717.331369021034
2026-06-06 18:00:36.782,60544.17676509025
2026-06-06 19:00:50.488,60632.13314693318
2026-06-06 20:00:57.904,60600.08126481232
2026-06-06 21:00:36.419,60702.280740364564
2026-06-06 22:00:49.532,60747.38643397402
2026-06-06 23:00:32.555,60583.529858700254
2026-06-07 00:00:41.943,60861.88012897632
2026-06-07 01:00:49.706,60761.620629732344
2026-06-07 02:00:46.667,61471.63828191639
2026-06-07 03:00:39.301,61492.783358280816
2026-06-07 04:00:40.103,61664.738019211065
2026-06-07 05:00:45.744,61867.507645404425
2026-06-07 06:01:13.537,61731.036831240555
2026-06-07 07:01:09.540,62108.17618467483
2026-06-07 08:01:00.879,62354.65926384663
2026-06-07 09:00:29.706,62799.61706024372
2026-06-07 10:01:07.608,62515.786540524714
2026-06-07 11:00:19.410,62356.89936048305
2026-06-07 12:00:42.023,62592.24803571717
2026-06-07 13:00:57.655,61899.44056352343
2026-06-07 14:00:34.998,61708.48517537129
2026-06-07 15:00:14.691,61869.12182419518
2026-06-07 16:00:46.444,62040.156956288505
2026-06-07 17:01:11.565,62019.38150876778
2026-06-07 18:00:14.102,62139.10458449485
2026-06-07 19:00:28.087,62065.13471974559
2026-06-07 20:00:03.269,61277.73988404787
2026-06-07 21:00:30.661,61896.18584598038
2026-06-07 22:00:42.009,61736.49926860991
2026-06-07 23:00:09.544,62898.83562473381
2026-06-08 00:00:50.798,63254.57215050675
2026-06-08 01:00:51.746,63591.55171282999
2026-06-08 02:01:14.744,63135.73442175301
2026-06-08 03:00:21.420,63092.973825538276
2026-06-08 04:00:45.095,63097.738678422604
2026-06-08 05:00:42.467,62746.110994682225
2026-06-08 06:00:51.458,62686.89031970495
2026-06-08 07:00:33.130,62955.75468147986
2026-06-08 08:00:33.105,63263.6371523138
2026-06-08 09:00:14.041,63105.120267771585
2026-06-08 10:00:50.451,63430.00505978389
2026-06-08 11:00:47.288,63090.98170944541
2026-06-08 12:00:46.655,63416.52653265283
2026-06-08 13:00:44.859,63784.417012630474
2026-06-08 14:00:49.040,63717.79786623143
2026-06-08 15:00:12.000,63975.150617444626
2026-06-08 16:01:17.599,63731.845419079924
2026-06-08 17:01:16.293,63455.42095436701
2026-06-08 18:00:52.793,63486.55749595917
2026-06-08 19:00:15.721,63426.94217807585
2026-06-08 20:00:19.434,63364.111069051134
2026-06-08 21:00:44.477,63429.52697889757
2026-06-08 22:01:13.717,63758.168414545864
2026-06-08 23:00:34.400,63404.5448567149
2026-06-09 00:00:24.671,63078.44049480062
2026-06-09 01:00:58.143,62521.10105576993
2026-06-09 02:00:32.267,62764.01753232251
2026-06-09 03:00:01.920,62824.67788347735
2026-06-09 04:01:05.530,62839.35254293068
2026-06-09 05:00:25.851,63231.29657420249
2026-06-09 06:00:31.236,63309.01004093081
2026-06-09 07:00:40.097,63246.48358224153
2026-06-09 08:01:08.006,63164.25608395359
2026-06-09 09:00:39.897,62823.55164337146
2026-06-09 10:00:27.131,62688.51554928853
2026-06-09 11:01:09.453,62762.48564583781
2026-06-09 12:00:00.318,62681.14701021562
2026-06-09 13:00:49.573,62538.666070313615
2026-06-09 14:00:21.636,62332.828912384895
2026-06-09 15:00:44.752,61419.43726564442
2026-06-09 16:00:38.378,61108.39138911923
2026-06-09 17:00:28.711,61363.11019490096
2026-06-09 18:00:53.996,61681.90858983838
2026-06-09 19:00:00.683,61757.899290796486
2026-06-09 20:01:08.617,62024.58648570189
2026-06-09 21:00:20.122,62075.32494378098
2026-06-09 22:00:18.167,61678.19932637624
2026-06-09 23:00:34.813,61649.10953241255
2026-06-10 00:00:49.563,61658.28493108778
2026-06-10 01:00:41.230,61839.77059178349
2026-06-10 02:00:46.372,61668.9816840662
2026-06-10 03:00:48.967,61292.9080724835
2026-06-10 04:00:52.150,61496.93202019679
2026-06-10 05:01:04.945,61223.551579718725
2026-06-10 06:00:27.435,61303.38099989141
2026-06-10 07:00:42.647,61425.66499549835
2026-06-10 08:00:42.486,61647.38692586603
2026-06-10 09:01:06.790,61216.832016828615
2026-06-10 10:00:14.303,61283.353538509014
2026-06-10 11:00:46.993,61344.54188670831
2026-06-10 12:00:39.627,60996.128040922595
2026-06-10 13:00:36.332,61584.534192559164
2026-06-10 14:01:04.066,62075.453827768506
2026-06-10 15:01:05.273,61980.755226660855
2026-06-10 16:00:46.222,62623.647434555314
2026-06-10 17:00:30.129,62133.14107393966
2026-06-10 18:00:42.865,61927.62470820218
2026-06-10 19:00:30.483,61806.87304374298
2026-06-10 20:00:18.371,61941.027330796045
2026-06-10 21:00:42.199,61719.94638874202
2026-06-10 22:00:37.845,61230.51600625681
2026-06-10 23:00:12.767,61356.371009591996
2026-06-11 00:00:52.585,61464.23949995995
2026-06-11 01:00:02.338,61803.34636963933
2026-06-11 02:00:29.731,62171.234316802744
2026-06-11 03:00:08.321,62116.95254207385
2026-06-11 04:00:13.284,62662.389097257146
2026-06-11 05:00:13.383,62649.995463096144
2026-06-11 06:01:00.582,62583.47363710605
2026-06-11 07:00:22.049,62706.43743519868
2026-06-11 08:00:22.576,62646.07013470698
2026-06-11 09:00:35.166,62860.019279567176
2026-06-11 10:00:39.874,62854.72263200298
2026-06-11 11:00:10.193,63079.36499333171
2026-06-11 12:01:03.236,63058.39424840454
2026-06-11 13:00:49.224,62961.683346341044
2026-06-11 14:00:07.346,62989.67386103632
2026-06-11 15:00:46.762,62721.453316968335
2026-06-11 16:00:51.421,62640.73151783662
2026-06-11 17:00:19.374,62522.238666573896
2026-06-11 18:00:14.142,63428.66958227789
2026-06-11 19:00:30.271,63430.60629621195
2026-06-11 20:00:18.284,63576.83681249627
2026-06-11 21:00:14.034,63331.14667252403
2026-06-11 22:00:44.172,63428.355598163755
2026-06-11 23:00:49.560,63477.65630121868
2026-06-12 00:00:25.651,63552.30087011473
2026-06-12 01:00:22.501,63580.00819320512
2026-06-12 02:00:40.010,63342.485741978475
2026-06-12 03:00:04.089,63506.29080858776
2026-06-12 04:00:52.892,63434.98694269971
2026-06-12 05:00:29.279,63619.2683507374
2026-06-12 06:00:57.605,63292.28300432518
2026-06-12 07:00:24.873,62906.10966879114
2026-06-12 08:00:27.651,63021.359958826964
2026-06-12 09:01:00.064,63389.801358006895
2026-06-12 10:00:03.081,63724.00769013387
2026-06-12 11:01:02.043,63636.603117999526
2026-06-12 12:00:46.079,63730.623656376774
2026-06-12 13:00:53.494,63405.206177959175
2026-06-12 14:00:55.295,63105.325352929416
2026-06-12 15:01:00.314,63898.78747971838
2026-06-12 16:00:56.109,63625.06317356082
2026-06-12 17:00:56.789,63917.73346484142
2026-06-12 18:00:14.416,63811.24925829858
2026-06-12 19:00:41.090,63677.0960776868
2026-06-12 20:00:54.562,63582.806131574594
2026-06-12 21:00:42.966,63427.61776228317
2026-06-12 22:01:12.098,63453.028203198715
2026-06-12 23:00:06.592,63474.25336205742
2026-06-13 00:00:25.891,63532.49559512626
2026-06-13 01:00:45.160,63597.02203692289
2026-06-13 02:00:12.531,63775.20757588661
2026-06-13 03:00:55.042,63608.14534923633
2026-06-13 04:00:29.678,63505.788873048805
2026-06-13 05:00:04.079,63487.16345110324
2026-06-13 06:01:06.090,63513.93729161154
2026-06-13 07:01:09.276,63694.29154869962
2026-06-13 08:00:26.846,63781.418199130865
2026-06-13 09:00:36.730,63779.54391634056
2026-06-13 10:01:07.063,63717.365517844344
2026-06-13 11:01:09.161,63796.66628118353
2026-06-13 12:01:01.945,63926.68507690926
2026-06-13 13:00:36.067,64126.18861050401
2026-06-13 14:00:51.062,64060.27402849239
2026-06-13 15:00:17.220,64184.39547780278
2026-06-13 16:00:57.389,64270.750199011265
2026-06-13 17:00:09.304,63964.556061772084
2026-06-13 18:00:09.461,63944.08714863861
2026-06-13 19:00:42.046,64115.78119423838
2026-06-13 20:00:44.188,64278.03702009804
2026-06-13 21:00:41.682,64246.54794773648
2026-06-13 22:00:41.933,64449.72820590796
2026-06-13 23:00:45.275,64437.99982792179
2026-06-14 00:00:30.014,64415.22089619007
2026-06-14 01:00:50.140,64514.75328561332
2026-06-14 02:00:23.345,64561.23046799117
2026-06-14 03:00:48.145,64472.06685587077
2026-06-14 04:00:33.456,64510.53014880548
2026-06-14 05:00:38.003,64353.64117555976
2026-06-14 06:00:30.501,64331.793700305214
2026-06-14 07:00:38.908,64253.568988831044
2026-06-14 08:00:45.637,64397.3738759612
2026-06-14 09:00:45.567,64425.782631157344
2026-06-14 10:00:16.426,64574.26111468874
2026-06-14 11:00:37.512,64492.72780715823
2026-06-14 12:00:23.897,64524.82045656817
2026-06-14 13:00:46.571,64294.67183468997
2026-06-14 14:00:51.313,64287.823273260045
2026-06-14 15:00:19.336,63922.43468259581
2026-06-14 16:00:34.620,64006.579338015246
2026-06-14 17:00:53.813,63917.72656499487
2026-06-14 18:00:15.879,63691.244044291685
2026-06-14 19:00:34.301,63774.73223241228
2026-06-14 20:00:11.965,63759.51013798688
2026-06-14 21:00:37.554,63987.738180436216
2026-06-14 22:00:42.156,65311.25348726413
2026-06-14 23:00:48.515,65347.35215463668
2026-06-15 00:00:34.363,65713.6235604093
2026-06-15 01:00:38.725,65593.97025078039
2026-06-15 02:00:05.510,65460.46466949333
2026-06-15 03:00:43.746,65412.919906986936
2026-06-15 04:00:56.768,65874.8516420869
2026-06-15 05:00:31.102,65624.31317183514
2026-06-15 06:00:31.084,65811.95187227325
2026-06-15 07:00:43.167,65789.45846041392
2026-06-15 08:01:15.860,65620.13052244934
2026-06-15 09:00:27.143,65647.1556706323
2026-06-15 10:01:10.084,65547.09575903144
2026-06-15 11:00:25.139,65859.39810736204
2026-06-15 12:01:13.461,66176.6769963115
2026-06-15 13:00:04.561,66529.06791842816
2026-06-15 14:01:11.642,66428.78654700873
2026-06-15 15:00:18.967,66586.24781846616
2026-06-15 16:00:25.207,67203.74322201993
2026-06-15 17:00:47.846,67153.08380931441
2026-06-15 18:01:14.485,66828.6012908173
2026-06-15 19:00:50.796,66769.46335691397
2026-06-15 20:00:32.991,66550.76685016969
2026-06-15 21:00:57.389,66491.03224606764
2026-06-15 22:00:15.822,66344.9252660968
2026-06-15 23:00:30.217,66179.29479665706
2026-06-16 00:00:47.700,66300.03552398227
2026-06-16 01:00:48.556,66234.34991001834
2026-06-16 02:00:16.641,66304.20148317334
2026-06-16 03:00:42.800,65679.58893459836
2026-06-16 04:00:18.135,66107.3904460563
2026-06-16 05:00:05.936,65832.02266577541
2026-06-16 06:00:28.169,66041.37651002446
2026-06-16 07:00:55.717,66420.43661274928
2026-06-16 08:00:51.480,66330.87359644237
2026-06-16 09:00:57.275,66894.71556610646
2026-06-16 10:00:41.754,66478.07109056243
2026-06-16 11:00:50.859,66456.89263167174
2026-06-16 12:00:41.643,66415.61928528006
2026-06-16 13:00:52.764,66378.38209679187
2026-06-16 14:00:33.591,66044.09472728668
2026-06-16 15:00:57.862,65615.21176154546
2026-06-16 16:00:04.518,65856.94616022993
2026-06-16 17:00:48.276,65724.78187447831
2026-06-16 18:00:32.622,65887.3354905345
2026-06-16 19:00:37.769,65792.27027664907
2026-06-16 20:00:45.962,65562.40822818082
2026-06-16 21:00:36.927,65791.43457939313
2026-06-16 22:00:39.287,65712.0073438524
2026-06-16 23:00:24.814,65716.96186335573
2026-06-17 00:00:33.673,65606.96732060197
2026-06-17 01:00:27.486,65697.03531324727
2026-06-17 02:00:42.355,65872.4798591013
2026-06-17 03:01:06.693,65846.91715363193
2026-06-17 04:00:13.793,65750.37281615617
2026-06-17 05:00:29.934,65841.73204515975
2026-06-17 06:01:07.828,65771.89595947663
2026-06-17 07:00:04.024,65555.14979706943
2026-06-17 08:01:10.623,65469.460950432134
2026-06-17 09:01:13.115,64890.84924045815
2026-06-17 10:00:22.147,64822.102006656045
2026-06-17 11:00:16.555,64724.80750993822
2026-06-17 12:00:21.977,64774.91599569361
2026-06-17 13:00:22.952,64967.98785803342
2026-06-17 14:00:33.768,65219.99577953564
2026-06-17 15:00:10.387,65065.51501590257
2026-06-17 16:00:54.645,65672.10190013683
2026-06-17 17:00:59.045,65834.73375345417
2026-06-17 18:00:21.765,65994.5858308102
2026-06-17 19:00:34.005,65446.44021870849
2026-06-17 20:00:50.739,64181.05545225444
2026-06-17 21:00:16.056,64356.15614101028
2026-06-17 22:00:02.226,64204.80170033092
2026-06-17 23:00:33.293,64280.19828331087
2026-06-18 00:00:31.044,64422.57366477588
2026-06-18 01:00:53.977,64415.3448923168
2026-06-18 02:00:37.240,64498.0596375187
2026-06-18 03:00:32.284,64648.40575953906
2026-06-18 04:00:41.831,64231.04408260966
2026-06-18 05:00:45.597,63883.22849894649
2026-06-18 06:01:06.245,63928.438252364365
2026-06-18 07:00:41.136,64040.80792898535
2026-06-18 08:00:50.267,64426.68374055879
2026-06-18 09:00:45.568,64351.66443233458
2026-06-18 10:00:53.830,64156.527564594006
2026-06-18 11:00:22.284,64060.324493329135
2026-06-18 12:00:56.469,63915.19857732089
2026-06-18 13:00:43.173,64309.78028980231
2026-06-18 14:00:42.798,63854.8919952108
2026-06-18 15:01:08.483,63773.94493559738
2026-06-18 16:00:51.194,62303.962298981154
2026-06-18 17:00:32.660,62623.496621262675
2026-06-18 18:00:44.891,62504.71283524252
2026-06-18 19:00:57.232,62612.25853715704
2026-06-18 20:00:59.102,62910.5015748242
2026-06-18 21:00:51.672,63029.59478538174
2026-06-18 22:00:17.431,62923.544491029694
2026-06-18 23:00:41.019,62822.605621537536
2026-06-19 00:00:59.810,62900.22709317204
2026-06-19 01:00:58.286,62929.92898531401
2026-06-19 02:00:13.643,62964.79135675775
2026-06-19 03:00:22.308,62942.36428294927
2026-06-19 04:00:05.338,62719.4992006861
2026-06-19 05:00:44.997,62384.21561780186
2026-06-19 06:00:16.423,62673.439793011086
2026-06-19 07:00:43.149,62850.70648920113
2026-06-19 08:00:06.691,62557.954778312
2026-06-19 09:00:38.737,62524.43579013089
2026-06-19 10:00:17.095,62348.91122269732
2026-06-19 11:00:45.434,62487.998579343024
2026-06-19 12:00:43.570,62577.202538005855
2026-06-19 13:00:59.260,62729.45075831364
2026-06-19 14:00:48.772,63175.98074164291
2026-06-19 15:00:40.330,63148.3861884272
2026-06-19 16:00:27.113,63159.432954581534
2026-06-19 17:00:14.410,62934.94732450514
2026-06-19 18:00:43.431,63148.481990645334
2026-06-19 19:00:56.736,63042.82637725984
2026-06-19 20:01:14.325,62959.09109524105
2026-06-19 21:00:20.968,63195.2284343016
2026-06-19 22:00:56.646,63012.32825754403
2026-06-19 23:00:37.422,63266.15709765246
2026-06-20 00:01:09.957,63513.65867862926
2026-06-20 01:00:05.538,63496.158339193826
2026-06-20 02:01:04.043,63510.90036668932
2026-06-20 03:00:49.560,63304.890670990404
2026-06-20 04:00:25.869,63379.40256078363
2026-06-20 05:00:14.950,63502.82002490304
2026-06-20 06:00:56.484,63616.95037618205
2026-06-20 07:00:34.888,63681.380836533914
2026-06-20 08:00:37.514,63621.05910459087
2026-06-20 09:00:52.239,63351.08268255933
2026-06-20 10:00:38.240,63679.2308895568
2026-06-20 11:00:47.901,63606.56270077006
2026-06-20 12:00:09.287,63619.35732609742
2026-06-20 13:00:49.169,63585.73091015975
2026-06-20 14:00:26.396,63362.43392790553
2026-06-20 15:01:04.239,63894.21615280764
2026-06-20 16:00:45.439,64062.833768911434
2026-06-20 17:00:24.886,63943.04118715367
2026-06-20 18:00:55.210,63784.922563789114
2026-06-20 19:00:48.292,63725.97689907947
2026-06-20 20:00:33.127,63853.1671355726
2026-06-20 21:00:48.639,63848.028045326435
2026-06-20 22:00:41.295,63934.59027569325
2026-06-20 23:00:08.450,64230.359598341056
2026-06-21 00:01:14.526,64240.23278038838
2026-06-21 01:01:02.626,64217.24097636916
2026-06-21 02:00:11.967,64191.186350054384
2026-06-21 03:00:08.248,64186.60079332979
2026-06-21 04:00:37.868,64362.421773695045
2026-06-21 05:01:11.776,64210.079461463036
2026-06-21 06:00:19.800,64182.552305195
2026-06-21 07:01:11.108,64221.92326540055
2026-06-21 08:00:29.155,64127.25467229687
2026-06-21 09:00:32.606,63926.36278043242
2026-06-21 10:00:32.905,64135.487232232656
2026-06-21 11:00:23.060,64279.45257624553
2026-06-21 12:00:36.305,64075.9827674072
2026-06-21 13:00:54.665,64121.742128811944
2026-06-21 14:00:06.712,64040.79854664274
2026-06-21 15:00:32.750,64049.07486151821
2026-06-21 16:00:51.287,64164.14040212614
2026-06-21 17:00:24.195,64073.09375345309
2026-06-21 18:00:29.826,64106.015938391814
2026-06-21 19:00:10.718,64104.840705353294
2026-06-21 20:00:12.913,64143.29569438601
2026-06-21 21:00:23.217,63752.068770525155
2026-06-21 22:00:12.888,63736.59228664353
2026-06-21 23:00:19.124,63730.37118386725
2026-06-22 00:00:48.001,63231.86958363731
2026-06-22 01:00:50.192,63773.22019447084
2026-06-22 02:01:15.288,64510.52230449925
2026-06-22 03:01:06.137,64200.788144693484
2026-06-22 04:00:26.402,63898.787155602484
2026-06-22 05:00:27.836,64016.58324267139
2026-06-22 06:01:19.697,64154.72982336872
2026-06-22 07:00:09.052,63940.26315995606
2026-06-22 08:00:04.601,64134.651134027
2026-06-22 09:00:47.268,64087.37042490323
2026-06-22 10:01:12.085,64055.179036193535
2026-06-22 11:00:51.388,64068.498384986066
2026-06-22 12:00:54.969,64594.71350884732
2026-06-22 13:00:41.538,65095.257315744195
2026-06-22 14:00:40.441,65468.626564180355
2026-06-22 15:00:31.274,64888.927469478935
2026-06-22 16:01:11.989,64754.92452119641
2026-06-22 17:00:27.748,64683.704578473276
2026-06-22 18:00:26.444,64556.49952209388
2026-06-22 19:00:26.012,64301.39877649407
2026-06-22 20:00:09.489,64417.748318432954
2026-06-22 21:00:52.591,64365.9175955822
2026-06-22 22:00:20.586,64235.021031055294
2026-06-22 23:00:43.113,63911.612718239056
2026-06-23 00:00:48.091,63957.19561383976
2026-06-23 01:00:37.436,64045.666767229544
2026-06-23 02:00:54.183,64079.82103359411
2026-06-23 03:00:06.902,64144.39979492271
2026-06-23 04:01:06.162,63980.98741876507
2026-06-23 05:00:10.677,63621.26042010823
2026-06-23 06:00:19.877,63313.7269410536
2026-06-23 07:01:12.714,62866.90848700344
2026-06-23 08:00:34.076,62850.76814022467
2026-06-23 09:00:23.936,62311.40037519842
2026-06-23 10:00:20.133,62307.34214427159
2026-06-23 11:00:22.496,62264.18908247069
2026-06-23 12:00:02.705,62451.49737098857
2026-06-23 13:01:06.432,62199.8784487437
2026-06-23 14:00:08.342,62383.94741826511
2026-06-23 15:00:12.347,62457.865612986134
2026-06-23 16:00:10.077,62378.52994283749
2026-06-23 17:00:19.382,62492.81701127148
2026-06-23 18:00:01.758,62300.737372444346
2026-06-23 19:01:13.228,62171.87002961892
2026-06-23 20:00:46.790,62310.62864515332
2026-06-23 21:01:12.728,62385.33941347201
2026-06-23 22:00:02.489,62530.759849035516
2026-06-23 23:00:18.680,62515.95646051559
2026-06-24 00:00:02.283,62651.93474257838
2026-06-24 01:00:25.089,62912.97023760417
2026-06-24 02:00:54.309,62883.37584853357
2026-06-24 03:00:56.003,62583.0454660447
2026-06-24 04:00:29.180,62676.59157469255
2026-06-24 05:00:42.294,62703.951669706556
2026-06-24 06:01:07.103,62802.23166347988
2026-06-24 07:00:46.435,62699.01945275507
2026-06-24 08:01:09.698,62568.95078726398
2026-06-24 09:00:20.413,62716.04032481007
2026-06-24 10:00:20.726,62621.29389792389
2026-06-24 10:35:06.000,62503.57643585379
